age_bp,gmst,gmst_std
100,13.488699,0.219001338
300,13.3796816,0.192081183
500,13.3675804,0.185993969
700,13.4175119,0.169141769
900,13.5211239,0.178767979
1100,13.4835911,0.176515564
1300,13.4481201,0.185910121
1500,13.4534435,0.174946293
1700,13.3933382,0.174404427
1900,13.3643789,0.192764983
2100,13.3568211,0.200939357
2300,13.3450871,0.2003984
2500,13.3722305,0.209314674
2700,13.3228769,0.20339787
2900,13.2808628,0.19935818
3100,13.2659912,0.212885246
3300,13.2060852,0.214420944
3500,13.2318554,0.213537306
3700,13.1979275,0.194587797
3900,13.1914558,0.209983185
4100,13.2028131,0.205959603
4300,13.2261782,0.21692802
4500,13.2622194,0.215442762
4700,13.289155,0.224994719
4900,13.3005648,0.222833157
5100,13.3269272,0.219368815
5300,13.2649841,0.233675987
5500,13.2265158,0.2224534
5700,13.2397203,0.218070671
5900,13.259202,0.235275537
6100,13.2715178,0.23994796
6300,13.2841101,0.242837325
6500,13.281868,0.233029887
6700,13.2434425,0.228933558
6900,13.1548071,0.240836471
7100,13.134366,0.24815236
7300,13.051054,0.242331177
7500,13.0439129,0.238235623
7700,13.0186691,0.241316468
7900,13.0561733,0.22974059
8100,13.0545397,0.238850728
8300,13.0101995,0.229570478
8500,13.015399,0.262666166
8700,12.8809624,0.26895377
8900,12.8629475,0.249140322
9100,12.8609838,0.248571783
9300,12.6874514,0.245658666
9500,12.5691557,0.264790237
9700,12.5247087,0.261898786
9900,12.4393263,0.245378435
10100,12.2897072,0.260911226
10300,12.2459908,0.260022879
10500,12.2673798,0.289181352
10700,12.1948462,0.255280197
10900,12.0817881,0.259134889
11100,11.9189892,0.269646525
11300,11.6615801,0.286595315
11500,11.3518496,0.275559962
11700,11.0013371,0.316343665
11900,10.6252279,0.291230828
12100,10.4705896,0.265328407
12300,10.2391262,0.275123268
12500,10.0430555,0.269227892
12700,9.93486977,0.239920542
12900,9.99793911,0.261073112
13100,10.1203594,0.254796326
13300,10.1121693,0.255406648
13500,9.98285294,0.252179772
13700,9.84096813,0.260018915
13900,9.74228287,0.252236307
14100,9.56149483,0.278731942
14300,9.33582211,0.284584582
14500,9.1210289,0.30243963
14700,8.89002228,0.296865225
14900,8.66385937,0.323272049
15100,8.39008904,0.341993719
15300,8.11410809,0.364396155
15500,7.86766958,0.36205399
15700,7.67998219,0.407556564
15900,7.37935448,0.419483423
16100,7.16515684,0.423724353
16300,7.02978849,0.429282427
16500,6.85941839,0.445150107
16700,6.54607487,0.458838373
16900,6.3129344,0.465322196
17100,6.18127155,0.487265408
17300,6.10109234,0.498061508
17500,6.12828684,0.465476066
17700,6.09416914,0.500386119
17900,6.0741806,0.490203261
18100,6.17717361,0.452440232
18300,6.26017237,0.450352848
18500,6.2023592,0.428283751
18700,6.24714279,0.433829606
18900,6.32025242,0.426642776
19100,6.39010334,0.428181678
19300,6.40314579,0.420179367
19500,6.36092901,0.44338131
19700,6.31218672,0.426404059
19900,6.31896448,0.431854188
20100,6.39616203,0.445194423
20300,6.39927912,0.443161577
20500,6.40489626,0.448254496
20700,6.39881468,0.44918859
20900,6.38894892,0.430585504
21100,6.3973093,0.430637866
21300,6.508533,0.471444726
21500,6.57114267,0.431581974
21700,6.61728096,0.434455127
21900,6.63456059,0.442839652
22100,6.68007326,0.448043525
22300,6.79833508,0.456834972
22500,6.89434385,0.447069824
22700,7.01156759,0.432760358
22900,7.06169128,0.424539715
23100,7.09561491,0.440727651
23300,7.17137957,0.464786738
23500,7.17703772,0.416001827
23700,7.25013542,0.437565595
23900,7.35599709,0.41658175
