time,Ocean pH
72.66804955,8.0341
72.58043649,8.0368
72.52294042,8.0491
72.40247247,8.0376
72.23819799,8.0522
71.92815081,8.0474
71.82684821,8.0473
71.54210578,8.0366
71.47639599,8.0423
71.37509339,8.0557
71.28474243,8.0728
71.22724636,8.0714
71.13141958,8.0618
71.0355928,8.0706
70.96921943,8.0616
70.88708219,8.0591
70.74197306,8.0426
70.67078746,8.0494
70.60507766,8.0414
70.54210578,8.0402
70.08487515,8.0612
70.02190326,8.0672
69.96648152,8.058
69.79673122,8.0494
69.67900118,8.0272
69.58865022,8.0391
69.50103716,8.043
69.446279,8.0438
69.33676268,8.0592
69.13963331,8.0754
69.04380653,8.0704
68.87886846,8.0608
68.78304168,8.0576
68.69542863,8.0403
68.56400904,8.0548
68.48734762,8.0541
68.37235549,8.0758
68.29569406,8.0816
68.15606075,8.0803
67.95005407,8.0811
67.8569652,8.0622
67.76661423,8.0517
67.60507766,8.0494
67.47092017,8.0511
67.39425875,8.0634
67.31759733,8.0652
67.2409359,8.0775
67.14784703,8.0742
67.06570979,8.0702
66.90898545,8.0676
66.79399331,8.0551
66.61055348,8.0572
66.53115415,8.0581
66.4106862,8.0642
66.29021825,8.0779
66.18891565,8.0832
66.11225423,8.0814
66.0355928,8.0818
65.93910244,8.0711
65.87065474,8.067
65.78577959,8.0639
65.6160293,8.0536
65.5503195,8.0424
65.46818226,8.058
65.39425875,8.0764
65.30664569,8.0822
65.2409359,8.0776
65.15332285,8.0781
64.9610057,8.0744
64.892558,8.0709
64.78577959,8.0516
64.70638026,8.0417
64.49829925,8.06
64.41616201,8.0751
64.27652871,8.0857
64.17796402,8.0806
64.12594377,8.0888
64.04380653,8.0817
63.97195733,8.0824
63.90624754,8.0733
63.8241103,8.0563
63.75292469,8.0633
63.69816654,8.0499
63.48460971,8.0581
63.3778313,8.0571
63.26283917,8.0822
63.18070193,8.084
63.12046795,8.0821
62.92815081,8.0697
62.77209005,8.0587
62.70911817,8.0477
62.63245674,8.0499
62.58591231,8.0563
62.49008553,8.0664
62.41616201,8.0725
62.33676268,8.0789
62.23272218,8.0905
62.05202025,8.0876
61.96921943,8.0811
61.91172336,8.0802
61.84601357,8.0674
61.73923516,8.0645
61.66257373,8.0717
61.5503195,8.0696
61.35592804,8.0797
61.27926661,8.0885
61.16427448,8.0918
61.07939933,8.0891
60.88982009,8.0715
60.75840051,8.0651
60.67626327,8.0691
60.60233976,8.0785
60.52020252,8.0703
60.43806528,8.0688
60.38056921,8.0839
60.26557707,8.0968
60.18891565,8.0969
59.94184035,8.0801
59.84327566,8.0667
59.73375934,8.0541
59.63245674,8.0614
59.56400904,8.0584
59.50651298,8.0676
59.40521038,8.0693
59.32581105,8.0898
59.13415749,8.1084
59.05749607,8.0996
58.91993708,8.0816
58.78030377,8.0799
58.62971884,8.0729
58.57222277,8.0635
58.48734762,8.0735
58.40794829,8.0694
58.15058494,8.0957
58.08213724,8.0957
57.97195733,8.0856
57.91993708,8.0678
57.7556626,8.0639
57.67352536,8.0616
57.59138812,8.066
57.51746461,8.0631
57.3422385,8.0808
57.21903264,8.0973
57.1040405,8.1047
56.94184035,8.0908
56.8569652,8.0772
56.80494495,8.0679
56.70911817,8.077
56.60507766,8.0723
56.53115415,8.0804
56.45175482,8.0646
56.40247247,8.0901
56.25188753,8.104
56.18891565,8.1084
56.12594377,8.0953
56.0684477,8.1135
55.95005407,8.0888
55.86517892,8.0843
55.77209005,8.0777
55.69269072,8.0601
55.6187672,8.0751
55.54210578,8.0664
55.45449272,8.0809
55.3778313,8.0899
55.17522611,8.1065
55.09035096,8.0963
54.97469524,8.0992
54.91172336,8.0898
54.83506193,8.0836
54.74744888,8.0705
54.62698093,8.071
54.53389206,8.0701
54.45996854,8.0852
54.38330712,8.0878
54.30664569,8.0988
54.21903264,8.1244
54.15332285,8.1096
54.06023398,8.0967
53.96921943,8.1134
53.85970311,8.0884
53.7885175,8.0873
53.63793256,8.0829
53.5503195,8.0777
53.46818226,8.0824
53.38604503,8.0905
53.31212151,8.0963
53.2409359,8.1016
53.15606075,8.104
53.04654444,8.1025
52.96648152,8.0937
52.90077173,8.0876
52.84327566,8.0876
52.76661423,8.0862
52.65709792,8.0706
52.49282344,8.071
52.38604503,8.0811
52.19712937,8.1085
52.14237122,8.108
52.04380653,8.0959
51.95279198,8.0925
51.87886846,8.0814
51.81042076,8.0885
51.75292469,8.068
51.60233976,8.0757
51.52567833,8.0857
51.45175482,8.0984
51.37235549,8.0948
51.29569406,8.0938
51.21903264,8.0894
51.12320586,8.0881
51.04654444,8.0929
50.97195733,8.0922
50.91719917,8.095
50.79946913,8.0678
50.64614628,8.0827
50.56948486,8.0872
50.47365808,8.0831
50.39973457,8.0677
50.32033523,8.0941
50.24367381,8.0942
50.16701239,8.0946
50.09308887,8.0966
49.95552989,8.0818
49.8569652,8.0824
49.7885175,8.0711
49.6160293,8.0759
49.53389206,8.0938
49.35592804,8.1
49.28474243,8.123
49.20808101,8.135
49.13415749,8.0997
49.0355928,8.0895
48.93910244,8.0948
48.86244101,8.0825
48.79946913,8.0818
48.74197306,8.076
48.60781557,8.0818
48.53662996,8.0805
48.45996854,8.0937
48.36414176,8.105
48.28748034,8.1078
48.21081891,8.1044
48.1368954,8.1135
48.03011699,8.1097
47.92815081,8.1083
47.73375934,8.0805
47.58591231,8.089
47.52020252,8.0895
47.42437574,8.1058
47.34771431,8.101
47.27105289,8.1155
47.19439147,8.1138
47.13415749,8.0856
47.02190326,8.1102
46.94731616,8.1014
46.83232403,8.0924
46.7556626,8.0836
46.64067047,8.0829
46.57222277,8.0889
46.48734762,8.0902
46.39152084,8.0946
46.31485942,8.1066
46.23819799,8.1122
46.04654444,8.1074
45.87886846,8.1135
45.82137239,8.0997
45.73649725,8.0886
45.65983582,8.0933
45.57769858,8.0937
45.34771431,8.1149
45.26283917,8.1038
45.1724882,8.1171
45.1013026,8.1099
44.88434428,8.1048
44.7885175,8.088
44.72828352,8.0875
44.66257373,8.0883
44.56400904,8.0858
44.46544436,8.1021
44.18617774,8.1204
44.13141958,8.1357
44.05475816,8.1508
43.82958612,8.094
43.70638026,8.0802
43.38604503,8.1105
43.28748034,8.1074
43.13141958,8.1325
43.05475816,8.1349
42.9610057,8.1161
42.90077173,8.1052
42.80494495,8.087
42.73102143,8.0933
42.59686394,8.0956
42.51198879,8.0977
42.44080319,8.1152
42.29569406,8.1099
42.18070193,8.119
42.12594377,8.1256
42.01368954,8.1177
41.93362662,8.104
41.80494495,8.0981
41.71459398,8.0943
41.60781557,8.0992
41.52294042,8.112
41.42711365,8.1139
41.35045222,8.1144
41.2737908,8.1231
41.18070193,8.1263
41.09308887,8.1256
40.96374361,8.1212
40.70364235,8.085
40.56400904,8.1084
40.44901691,8.1232
40.35319013,8.1167
40.28200452,8.1229
40.21355682,8.134
40.12594377,8.1229
40.01368954,8.1332
39.90624754,8.1101
39.79673122,8.0858
39.72554562,8.099
39.64614628,8.093
39.57496068,8.0991
39.4791339,8.1018
39.3778313,8.1158
39.23546009,8.1218
39.15606075,8.1316
39.02190326,8.1168
38.92267499,8.1092
38.83506193,8.1097