time,Solar Irradiance
74.001369,1364.310059
73.998631,1364.300049
73.995893,1364.300049
73.993155,1364.390015
73.990418,1364.51001
73.98768,1364.609985
73.982204,1364.400024
73.979466,1364.26001
73.976728,1364.089966
73.963039,1364.579956
73.960301,1364.569946
73.957563,1364.430054
73.954825,1364.23999
73.952088,1363.949951
73.932923,1363.880005
73.930185,1363.790039
73.927447,1363.599976
73.924709,1363.599976
73.921971,1363.76001
73.919233,1364.26001
73.916496,1364.329956
73.913758,1364.459961
73.91102,1364.52002
73.908282,1364.349976
73.905544,1364.219971
73.902806,1364.089966
73.900068,1363.98999
73.897331,1363.839966
73.894593,1363.920044
73.891855,1364.030029
73.889117,1364.25
73.886379,1364.349976
73.883641,1364.310059
73.880903,1364.23999
73.878166,1364.130005
73.875428,1364.150024
73.87269,1364.160034
73.867214,1364.189941
73.864476,1364.23999
73.845311,1364.349976
73.842574,1364.51001
73.839836,1364.77002
73.837098,1364.77002
73.83436,1364.530029
73.831622,1364.319946
73.828884,1364.189941
73.826146,1364.290039
73.823409,1364.640015
73.820671,1364.77002
73.817933,1364.75
73.812457,1364.469971
73.809719,1364.369995
73.806982,1364.290039
73.804244,1364.280029
73.801506,1364.280029
73.798768,1364.380005
73.765914,1364.680054
73.763176,1364.800049
73.760438,1364.76001
73.7577,1364.630005
73.754962,1364.51001
73.738535,1364.609985
73.735797,1364.290039
73.73306,1364.189941
73.730322,1363.969971
73.727584,1363.699951
73.724846,1363.670044
73.722108,1363.73999
73.71937,1363.910034
73.716632,1364.119995
73.713895,1364.150024
73.711157,1364.349976
73.708419,1364.51001
73.702943,1364.51001
73.700205,1364.400024
73.697467,1364.319946
73.69473,1364.130005
73.691992,1364.040039
73.689254,1364.150024
73.686516,1364.209961
73.683778,1364.430054
73.68104,1364.300049
73.678303,1364.280029
73.675565,1364.319946
73.672827,1364.310059
73.670089,1364.439941
73.667351,1364.449951
73.664613,1364.369995
73.661875,1364.23999
73.659138,1364.089966
73.6564,1363.930054
73.653662,1363.849976
73.650924,1363.819946
73.64271,1363.939941
73.639973,1364.02002
73.637235,1364.199951
73.631759,1364.380005
73.629021,1364.339966
73.623546,1364.079956
73.620808,1364.150024
73.61807,1364.48999
73.615332,1364.609985
73.612594,1364.650024
73.604381,1364.390015
73.601643,1364.380005
73.598905,1364.420044
73.596167,1364.439941
73.590691,1364.280029
73.587953,1364.119995
73.585216,1363.969971
73.582478,1363.73999
73.57974,1363.630005
73.577002,1363.75
73.574264,1363.910034
73.571526,1364.01001
73.568789,1363.920044
73.566051,1363.97998
73.563313,1363.920044
73.560575,1363.890015
73.557837,1363.97998
73.555099,1363.869995
73.552361,1363.680054
73.549624,1363.530029
73.546886,1363.390015
73.544148,1363.339966
73.54141,1363.380005
73.538672,1363.530029
73.535934,1363.469971
73.533196,1363.359985
73.516769,1363.48999
73.514031,1363.660034
73.511294,1363.829956
73.508556,1364.060059
73.505818,1364.189941
73.50308,1364.319946
73.500342,1364.140015
73.497604,1363.969971
73.494867,1363.75
73.492129,1363.560059
73.489391,1363.359985
73.486653,1363.439941
73.483915,1364.01001
73.481177,1364.27002
73.478439,1364.390015
73.475702,1364.430054
73.472964,1364.400024
73.470226,1364.209961
73.467488,1364.170044
73.46475,1364.079956
73.462012,1364.02002
73.459274,1363.959961
73.456537,1364.069946
73.453799,1364.430054
73.451061,1364.560059
73.448323,1364.630005
73.445585,1364.48999
73.442847,1364.380005
73.44011,1364.319946
73.437372,1364.290039
73.434634,1364.189941
73.431896,1364.219971
73.429158,1364.26001
73.42642,1364.030029
73.423682,1363.930054
73.420945,1363.849976
73.418207,1363.719971
73.415469,1363.77002
73.412731,1363.859985
73.409993,1363.839966
73.404517,1363.670044
73.40178,1363.47998
73.399042,1363.160034
73.396304,1363.199951
73.390828,1363.01001
73.38809,1363.02002
73.385352,1363.469971
73.382615,1363.819946
73.379877,1364.079956
73.377139,1364.160034
73.374401,1364.180054
73.371663,1364.099976
73.368925,1364.050049
73.366188,1364.050049
73.355236,1364.219971
73.352498,1363.849976
73.34976,1363.5
73.347023,1363.400024
73.344285,1363.449951
73.338809,1363.829956
73.336071,1363.819946
73.333333,1364.180054
73.330595,1364.23999
73.327858,1364.089966
73.322382,1363.540039
73.319644,1363.670044
73.316906,1363.810059
73.314168,1364.040039
73.311431,1364.199951
73.308693,1364.349976
73.305955,1364.400024
73.303217,1364.349976
73.300479,1364.069946
73.297741,1363.939941
73.292266,1364
73.289528,1364.109985
73.28679,1364.150024
73.284052,1364.219971
73.281314,1364.199951
73.278576,1364.339966
73.275838,1364.26001
73.273101,1364.209961
73.270363,1364.23999
73.267625,1364.410034
73.264887,1364.589966
73.262149,1364.709961
73.259411,1364.569946
73.256674,1364.439941
73.253936,1364.329956
73.251198,1364.349976
73.24846,1364.420044
73.245722,1364.469971
73.242984,1364.48999
73.237509,1364.51001
73.234771,1364.109985
73.232033,1364.01001
73.229295,1363.819946
73.226557,1363.52002
73.223819,1363.469971
73.221081,1363.699951
73.218344,1363.829956
73.215606,1364.099976
73.212868,1364.180054
73.21013,1364.349976
73.207392,1364.449951
73.204654,1364.469971
73.199179,1364.400024
73.196441,1364.449951
73.193703,1364.560059
73.190965,1364.640015
73.188227,1364.599976
73.185489,1364.48999
73.182752,1364.410034
73.180014,1364.119995
73.177276,1364.140015
73.169062,1364.579956
73.166324,1364.560059
73.163587,1364.459961
73.160849,1364.140015
73.158111,1363.959961
73.155373,1363.839966
73.149897,1363.469971
73.147159,1363.430054
73.144422,1363.630005
73.141684,1363.869995
73.138946,1364.079956
73.136208,1364.170044
73.127995,1363.699951
73.125257,1363.630005
73.122519,1363.609985
73.119781,1363.75
73.117043,1364.040039
73.114305,1364.170044
73.111567,1364.27002
73.10883,1364.189941
73.106092,1363.949951
73.103354,1363.969971
73.100616,1364.47998
73.097878,1364.569946
73.09514,1364.640015
73.092402,1364.569946
73.089665,1364.630005
73.086927,1364.599976
73.084189,1364.569946
73.081451,1364.469971
73.078713,1364.420044
73.075975,1364.359985
73.073238,1364.339966
73.0705,1364.369995
73.067762,1364.319946
73.065024,1364.400024
73.062286,1364.439941
73.059548,1364.189941
73.05681,1363.869995
73.054073,1363.540039
73.051335,1363.219971
73.048597,1363
73.045859,1362.849976
73.043121,1362.939941
73.013005,1364.359985
73.010267,1364.359985
73.007529,1364.109985
73.004791,1363.98999
73.002053,1363.849976
72.999316,1363.76001
72.996578,1363.609985
72.99384,1363.75
72.991102,1363.900024
72.988364,1363.930054
72.985626,1363.849976
72.982888,1363.75
72.980151,1363.609985
72.977413,1363.660034
72.974675,1363.719971
72.971937,1363.719971
72.969199,1363.910034
72.966461,1363.920044
72.963723,1363.930054
72.960986,1363.72998
72.958248,1363.569946
72.936345,1363.410034
72.933607,1363.22998
72.930869,1363.150024
72.928131,1363.170044
72.925394,1363.329956
72.922656,1363.599976
72.919918,1363.869995
72.91718,1363.910034
72.914442,1363.939941
72.911704,1363.869995
72.908966,1363.869995
72.906229,1363.910034
72.903491,1364.079956
72.900753,1364.099976
72.898015,1364.02002
72.895277,1363.890015
72.892539,1363.689941
72.889802,1363.589966
72.887064,1363.650024
72.884326,1363.75
72.881588,1363.829956
72.865161,1363.650024
72.848734,1364.040039
72.845996,1364.180054
72.843258,1364.280029
72.84052,1364.319946
72.837782,1364.280029
72.835044,1364.189941
72.832307,1364.069946
72.829569,1364.02002
72.826831,1364.050049
72.824093,1364.060059
72.818617,1363.900024
72.81588,1363.939941
72.807666,1363.939941
72.804928,1364.01001
72.80219,1363.98999
72.799452,1364
72.793977,1363.959961
72.791239,1363.939941
72.788501,1364.030029
72.785763,1364.099976
72.783025,1364.319946
72.780287,1364.359985
72.77755,1364.290039
72.774812,1363.900024
72.772074,1363.77002
72.769336,1363.810059
72.766598,1363.890015
72.76386,1363.880005
72.761123,1363.719971
72.758385,1363.670044
72.755647,1363.75
72.752909,1363.800049
72.750171,1363.98999
72.747433,1364.119995
72.744695,1364.119995
72.741958,1363.969971
72.73922,1363.859985
72.736482,1363.689941
72.733744,1363.599976
72.731006,1363.530029
72.728268,1363.569946
72.72553,1363.670044
72.720055,1363.77002
72.717317,1363.76001
72.714579,1363.73999
72.711841,1363.709961
72.709103,1363.77002
72.706366,1363.849976
72.703628,1364.089966
72.70089,1363.98999
72.698152,1363.880005
72.695414,1363.890015
72.692676,1364.099976
72.689938,1364.23999
72.687201,1364.180054
72.684463,1364.140015
72.681725,1364.119995
72.678987,1364.089966
72.676249,1364.030029
72.673511,1363.97998
72.670773,1363.939941
72.668036,1363.800049
72.665298,1363.650024
72.66256,1363.410034
72.659822,1363.280029
72.657084,1363.359985
72.654346,1363.449951
72.651608,1363.410034
72.648871,1363.380005
72.646133,1363.359985
72.643395,1363.380005
72.640657,1363.430054
72.637919,1363.560059
72.635181,1363.72998
72.632444,1363.76001
72.629706,1363.73999
72.62423,1363.680054
72.621492,1363.680054
72.618754,1363.719971
72.616016,1363.859985
72.613279,1363.890015
72.610541,1363.939941
72.607803,1363.97998
72.605065,1363.969971
72.602327,1364.030029
72.599589,1364.180054
72.596851,1364.25
72.594114,1364.109985
72.591376,1363.949951
72.588638,1363.849976
72.5859,1363.790039
72.583162,1363.670044
72.580424,1363.630005
72.577687,1363.569946
72.574949,1363.550049
72.572211,1363.630005
72.569473,1363.73999
72.566735,1363.790039
72.563997,1363.77002
72.561259,1363.790039
72.558522,1363.72998
72.555784,1363.72998
72.553046,1363.77002
72.550308,1363.890015
72.54757,1363.920044
72.544832,1363.880005
72.542094,1363.839966
72.539357,1363.800049
72.520192,1363.400024
72.517454,1363.640015
72.514716,1363.819946
72.511978,1363.97998
72.50924,1363.939941
72.506502,1363.819946
72.503765,1363.75
72.498289,1363.839966
72.495551,1363.839966
72.492813,1363.75
72.490075,1363.699951
72.487337,1363.660034
72.4846,1363.599976
72.479124,1363.719971
72.476386,1363.75
72.473648,1363.699951
72.47091,1363.589966
72.462697,1364.050049
72.459959,1364
72.454483,1363.829956
72.451745,1363.810059
72.449008,1364.01001
72.44627,1364.310059
72.443532,1364.359985
72.440794,1364.329956
72.438056,1364.209961
72.435318,1364
72.43258,1363.939941
72.429843,1363.920044
72.427105,1363.930054
72.424367,1363.930054
72.421629,1363.890015
72.418891,1363.689941
72.410678,1363.670044
72.40794,1363.670044
72.405202,1363.72998
72.402464,1363.76001
72.399726,1364.02002
72.396988,1364.050049
72.394251,1364.199951
72.391513,1364.189941
72.388775,1363.949951
72.386037,1363.680054
72.380561,1363.449951
72.377823,1363.52002
72.375086,1363.699951
72.372348,1364.030029
72.361396,1363.640015
72.358658,1363.589966
72.355921,1363.660034
72.353183,1363.73999
72.350445,1363.859985
72.347707,1363.900024
72.344969,1363.76001
72.342231,1363.650024
72.336756,1363.619995
72.334018,1363.76001
72.33128,1363.800049
72.328542,1363.839966
72.325804,1363.910034
72.323066,1363.98999
72.317591,1364.089966
72.314853,1363.819946
72.312115,1363.349976
72.309377,1363.23999
72.306639,1362.969971
72.303901,1362.900024
72.301164,1362.910034
72.295688,1363.459961
72.29295,1363.619995
72.290212,1363.689941
72.287474,1363.72998
72.284736,1363.780029
72.281999,1363.800049
72.279261,1363.819946
72.276523,1363.849976
72.273785,1363.890015
72.271047,1363.949951
72.268309,1364.089966
72.265572,1364.130005
72.262834,1364.119995
72.260096,1363.949951
72.257358,1363.75
72.25462,1363.599976
72.251882,1363.550049
72.246407,1363.329956
72.243669,1363.22998
72.240931,1363.050049
72.238193,1363.099976
72.235455,1363.180054
72.232717,1363.27002
72.229979,1363.530029
72.227242,1363.630005
72.224504,1363.689941
72.221766,1363.660034
72.219028,1363.640015
72.21629,1363.599976
72.213552,1363.670044
72.208077,1363.72998
72.205339,1363.689941
72.202601,1363.660034
72.199863,1363.619995
72.197125,1363.550049
72.194387,1363.560059
72.19165,1363.619995
72.188912,1363.599976
72.186174,1363.630005
72.183436,1363.619995
72.180698,1363.530029
72.17796,1363.550049
72.175222,1363.560059
72.172485,1363.47998
72.169747,1363.5
72.167009,1363.52002
72.164271,1363.530029
72.161533,1363.599976
72.158795,1363.599976
72.156057,1363.560059
72.150582,1363.47998
72.147844,1363.560059
72.145106,1363.670044
72.142368,1363.680054
72.13963,1363.680054
72.136893,1363.660034
72.134155,1363.650024
72.131417,1363.680054
72.128679,1363.699951
72.125941,1363.670044
72.123203,1363.72998
72.120465,1363.719971
72.117728,1363.73999
72.11499,1363.73999
72.112252,1363.810059
72.109514,1363.810059
72.106776,1363.77002
72.104038,1363.569946
72.1013,1363.550049
72.098563,1363.449951
72.095825,1363.449951
72.093087,1363.47998
72.090349,1363.369995
72.087611,1363.23999
72.084873,1363.060059
72.082136,1362.98999
72.079398,1362.859985
72.07666,1362.949951
72.073922,1363.199951
72.071184,1363.52002
72.068446,1363.550049
72.065708,1363.579956
72.062971,1363.640015
72.060233,1363.670044
72.057495,1363.73999
72.054757,1363.780029
72.052019,1363.930054
72.049281,1363.859985
72.046543,1363.790039
72.043806,1363.699951
72.021903,1363.050049
72.019165,1362.959961
72.016427,1363
72.013689,1363.22998
72.010951,1363.329956
72.008214,1363.359985
72.005476,1363.400024
72.002738,1363.47998
72,1363.459961
71.997262,1363.410034
71.994524,1363.380005
71.991786,1363.280029
71.989049,1363.160034
71.986311,1363.050049
71.983573,1363.069946
71.980835,1363.209961
71.972621,1363.660034
71.969884,1363.640015
71.964408,1363.569946
71.96167,1363.410034
71.939767,1363.26001
71.931554,1363.319946
71.928816,1363.329956
71.926078,1363.390015
71.92334,1363.390015
71.920602,1363.439941
71.917864,1363.420044
71.915127,1363.430054
71.912389,1363.420044
71.909651,1363.410034
71.906913,1363.369995
71.8987,1363.48999
71.895962,1363.48999
71.893224,1363.459961
71.890486,1363.400024
71.887748,1363.359985
71.88501,1363.329956
71.882272,1363.280029
71.879535,1363.319946
71.874059,1363.380005
71.871321,1363.359985
71.868583,1363.290039
71.865845,1363.280029
71.857632,1363.23999
71.854894,1363.26001
71.852156,1363.300049
71.849418,1363.400024
71.84668,1363.400024
71.843943,1363.390015
71.841205,1363.420044
71.838467,1363.420044
71.835729,1363.51001
71.832991,1363.550049
71.830253,1363.5
71.827515,1363.430054
71.824778,1363.449951
71.82204,1363.439941
71.819302,1363.339966
71.816564,1363.300049
71.813826,1363.319946
71.811088,1363.359985
71.80835,1363.329956
71.805613,1363.329956
71.800137,1363.329956
71.797399,1363.369995
71.794661,1363.380005
71.789185,1363.349976
71.786448,1363.339966
71.78371,1363.349976
71.778234,1363.140015
71.775496,1363.109985
71.772758,1363.069946
71.770021,1363.140015
71.767283,1363.189941
71.764545,1363.290039
71.761807,1363.359985
71.759069,1363.319946
71.756331,1363.310059
71.753593,1363.23999
71.750856,1363.290039
71.748118,1363.280029
71.739904,1363.579956
71.737166,1363.560059
71.734428,1363.5
71.728953,1363.449951
71.726215,1363.430054
71.723477,1363.380005
71.720739,1363.349976
71.718001,1363.319946
71.715264,1363.290039
71.712526,1363.27002
71.709788,1363.22998
71.70705,1363.219971
71.704312,1363.290039
71.701574,1363.380005
71.698836,1363.459961
71.693361,1363.209961
71.690623,1363.040039
71.687885,1362.810059
71.685147,1362.719971
71.682409,1362.719971
71.679671,1362.849976
71.676934,1363.050049
71.674196,1363.160034
71.671458,1363.27002
71.66872,1363.369995
71.665982,1363.420044
71.663244,1363.359985
71.660507,1363.189941
71.657769,1363.180054
71.655031,1363.140015
71.652293,1363.25
71.649555,1363.369995
71.646817,1363.369995
71.644079,1363.439941
71.641342,1363.420044
71.638604,1363.369995
71.635866,1363.310059
71.633128,1363.339966
71.63039,1363.349976
71.627652,1363.339966
71.624914,1363.339966
71.622177,1363.26001
71.619439,1363.27002
71.616701,1363.290039
71.613963,1363.26001
71.611225,1363.27002
71.608487,1363.290039
71.605749,1363.339966
71.603012,1363.339966
71.600274,1363.319946
71.597536,1363.26001
71.594798,1363.209961
71.59206,1363.26001
71.589322,1363.27002
71.586585,1363.27002
71.583847,1363.319946
71.581109,1363.400024
71.578371,1363.430054
71.572895,1363.530029
71.570157,1363.560059
71.56742,1363.550049
71.564682,1363.560059
71.561944,1363.560059
71.559206,1363.530029
71.556468,1363.550049
71.550992,1363.359985
71.548255,1363.339966
71.545517,1363.300049
71.542779,1363.22998
71.523614,1363.290039
71.507187,1363.329956
71.504449,1363.300049
71.501711,1363.209961
71.496235,1362.890015
71.493498,1362.849976
71.488022,1363.22998
71.485284,1363.290039
71.482546,1363.380005
71.479808,1363.459961
71.47707,1363.369995
71.474333,1363.329956
71.471595,1363.209961
71.468857,1363.170044
71.466119,1363.109985
71.463381,1363.170044
71.460643,1363.219971
71.457906,1363.23999
71.455168,1363.290039
71.45243,1363.290039
71.449692,1363.310059
71.446954,1363.310059
71.444216,1363.310059
71.441478,1363.349976
71.438741,1363.310059
71.436003,1363.23999
71.433265,1363.209961
71.430527,1363.219971
71.427789,1363.26001
71.425051,1363.160034
71.422313,1363.150024
71.419576,1363.109985
71.416838,1363.130005
71.4141,1363.109985
71.411362,1363.079956
71.408624,1363.130005
71.405886,1363.209961
71.403149,1363.189941
71.400411,1363.119995
71.397673,1363.040039
71.394935,1363.089966
71.392197,1363.079956
71.389459,1363.099976
71.386721,1363.109985
71.383984,1363.160034
71.381246,1363.22998
71.378508,1363.300049
71.37577,1363.300049
71.362081,1363.130005
71.359343,1363.089966
71.356605,1363.079956
71.353867,1363.099976
71.351129,1363.140015
71.348392,1363.119995
71.345654,1363.130005
71.342916,1363.119995
71.340178,1363.130005
71.33744,1363.119995
71.334702,1363.109985
71.329227,1363.150024
71.326489,1363.189941
71.323751,1363.189941
71.318275,1363.060059
71.315537,1362.98999
71.312799,1363.079956
71.310062,1363.170044
71.307324,1363.180054
71.304586,1363.180054
71.301848,1363.160034
71.29911,1363.130005
71.296372,1363.160034
71.293634,1363.219971
71.290897,1363.25
71.288159,1363.219971
71.285421,1363.180054
71.282683,1363.140015
71.279945,1363.119995
71.277207,1363.140015
71.27447,1363.140015
71.271732,1363.130005
71.268994,1363.099976
71.266256,1363.109985
71.263518,1363.099976
71.26078,1363.119995
71.255305,1363.089966
71.252567,1363.089966
71.249829,1363.099976
71.247091,1363.140015
71.244353,1363.160034
71.241615,1363.180054
71.238877,1363.209961
71.23614,1363.209961
71.233402,1363.209961
71.230664,1363.22998
71.227926,1363.25
71.225188,1363.26001
71.22245,1363.26001
71.219713,1363.25
71.216975,1363.26001
71.211499,1363.27002
71.208761,1363.25
71.206023,1363.209961
71.203285,1363.199951
71.200548,1363.160034
71.19781,1363.160034
71.192334,1363.170044
71.189596,1363.180054
71.186858,1363.170044
71.18412,1363.150024
71.181383,1363.150024
71.178645,1363.109985
71.175907,1363.089966
71.173169,1363.089966
71.170431,1363.109985
71.167693,1363.069946
71.164956,1363.099976
71.162218,1363.130005
71.15948,1363.199951
71.156742,1363.189941
71.154004,1363.160034
71.151266,1363.109985
71.148528,1363.130005
71.145791,1363.130005
71.143053,1363.219971
71.140315,1363.22998
71.137577,1363.23999
71.134839,1363.219971
71.132101,1363.199951
71.129363,1363.199951
71.126626,1363.199951
71.123888,1363.180054
71.12115,1363.160034
71.118412,1363.130005
71.115674,1363.150024
71.112936,1363.119995
71.110198,1363.099976
71.107461,1363.089966
71.104723,1363.089966
71.101985,1363.089966
71.099247,1363.099976
71.096509,1363.079956
71.093771,1363.089966
71.091034,1363.089966
71.088296,1363.130005
71.085558,1363.150024
71.08282,1363.180054
71.080082,1363.209961
71.077344,1363.27002
71.074606,1363.290039
71.071869,1363.310059
71.069131,1363.300049
71.066393,1363.310059
71.063655,1363.310059
71.060917,1363.26001
71.058179,1363.199951
71.055441,1363.199951
71.052704,1363.22998
71.049966,1363.23999
71.047228,1363.219971
71.033539,1363.089966
71.025325,1363.119995
71.022587,1363.130005
71.019849,1363.130005
71.017112,1363.150024
71.014374,1363.160034
71.011636,1363.180054
71.008898,1363.219971
71.00616,1363.280029
71.003422,1363.310059
71.000684,1363.310059
70.997947,1363.310059
70.995209,1363.23999
70.992471,1363.150024
70.989733,1363.030029
70.986995,1362.98999
70.984257,1362.97998
70.98152,1363.079956
70.978782,1363.209961
70.976044,1363.280029
70.973306,1363.290039
70.970568,1363.25
70.965092,1363.189941
70.962355,1363.22998
70.94319,1363.26001
70.940452,1363.219971
70.937714,1363.22998
70.934976,1363.199951
70.932238,1363.209961
70.9295,1363.280029
70.926762,1363.400024
70.924025,1363.449951
70.921287,1363.329956
70.918549,1363.150024
70.915811,1362.910034
70.913073,1362.680054
70.910335,1362.540039
70.907598,1362.609985
70.90486,1362.719971
70.902122,1362.859985
70.899384,1363.069946
70.896646,1363.079956
70.893908,1363.030029
70.89117,1363.079956
70.888433,1363.130005
70.885695,1363.199951
70.882957,1363.23999
70.877481,1363.099976
70.874743,1363.150024
70.872005,1363.180054
70.869268,1363.27002
70.86653,1363.280029
70.863792,1363.290039
70.861054,1363.189941
70.858316,1363.160034
70.855578,1362.939941
70.852841,1362.939941
70.850103,1362.920044
70.847365,1362.869995
70.844627,1362.969971
70.841889,1363.069946
70.839151,1363.089966
70.836413,1363.079956
70.833676,1363.109985
70.830938,1363.150024
70.8282,1363.140015
70.825462,1363.02002
70.822724,1363.02002
70.819986,1363
70.817248,1363.060059
70.814511,1363.099976
70.811773,1363.140015
70.809035,1363.140015
70.803559,1363.060059
70.800821,1363.040039
70.798084,1362.969971
70.795346,1363.02002
70.792608,1363.079956
70.78987,1363.099976
70.787132,1363.099976
70.784394,1363.079956
70.781656,1363.060059
70.778919,1363.069946
70.776181,1363.050049
70.773443,1363.030029
70.770705,1363.01001
70.767967,1362.98999
70.762491,1363.02002
70.759754,1363.060059
70.757016,1363.069946
70.754278,1363.109985
70.75154,1363.109985
70.748802,1363.119995
70.746064,1363.099976
70.743326,1363.109985
70.740589,1363.119995
70.737851,1363.109985
70.735113,1363.089966
70.732375,1363.079956
70.729637,1363.089966
70.726899,1363.050049
70.724162,1363.01001
70.721424,1362.97998
70.718686,1363
70.715948,1363.01001
70.71321,1362.98999
70.710472,1362.97998
70.707734,1363
70.704997,1363
70.702259,1363.01001
70.699521,1363.030029
70.696783,1363.01001
70.694045,1362.98999
70.691307,1363.040039
70.688569,1363.01001
70.685832,1363.02002
70.683094,1363.030029
70.680356,1363.040039
70.677618,1363.060059
70.67488,1363.069946
70.672142,1363.050049
70.669405,1363.060059
70.666667,1363.060059
70.663929,1363.050049
70.661191,1363.060059
70.658453,1363.069946
70.655715,1363.079956
70.652977,1363.060059
70.65024,1363.050049
70.647502,1363.040039
70.644764,1363.030029
70.642026,1363.050049
70.639288,1363.040039
70.63655,1363.079956
70.633812,1363.060059
70.631075,1363.060059
70.628337,1363.060059
70.625599,1363.040039
70.622861,1363.069946
70.620123,1363.089966
70.617385,1363.130005
70.614648,1363.130005
70.61191,1363.079956
70.609172,1363.089966
70.606434,1363.079956
70.603696,1363.109985
70.600958,1363.130005
70.59822,1363.130005
70.595483,1363.140015
70.592745,1363.140015
70.590007,1363.150024
70.587269,1363.150024
70.581793,1363.140015
70.579055,1363.119995
70.576318,1363.099976
70.57358,1363.02002
70.570842,1362.98999
70.568104,1362.920044
70.565366,1362.939941
70.562628,1362.939941
70.557153,1362.959961
70.554415,1363.01001
70.551677,1363
70.548939,1363.01001
70.524298,1363.02002
70.521561,1363.02002
70.518823,1363.040039
70.499658,1363.030029
70.49692,1363.01001
70.494182,1363.01001
70.491444,1363
70.488706,1363.02002
70.485969,1363.02002
70.483231,1362.98999
70.480493,1363
70.477755,1363.01001
70.475017,1362.98999
70.472279,1363
70.469541,1362.98999
70.466804,1363
70.464066,1363.01001
70.461328,1363
70.45859,1363.02002
70.455852,1362.98999
70.453114,1362.98999
70.450376,1363
70.447639,1363
70.444901,1363
70.442163,1362.98999
70.439425,1363.02002
70.436687,1363.01001
70.433949,1363.02002
70.431211,1363.060059
70.428474,1363.050049
70.425736,1363.079956
70.422998,1363.069946
70.42026,1363.050049
70.417522,1363.040039
70.414784,1363.01001
70.412047,1363.040039
70.409309,1363.02002
70.406571,1363.02002
70.403833,1363.030029
70.401095,1363.030029
70.398357,1363.050049
70.395619,1363.040039
70.392882,1363.01001
70.390144,1363.040039
70.384668,1363.02002
70.38193,1363.01001
70.379192,1363.050049
70.365503,1362.959961
70.362765,1362.959961
70.360027,1362.920044
70.35729,1362.939941
70.354552,1362.959961
70.351814,1362.969971
70.349076,1362.959961
70.346338,1362.949951
70.3436,1363
70.340862,1362.939941
70.338125,1363.01001
70.335387,1363.01001
70.332649,1363.040039
70.329911,1363.040039
70.327173,1363.02002
70.324435,1363.01001
70.321697,1363
70.31896,1362.959961
70.316222,1362.959961
70.310746,1362.97998
70.308008,1362.959961
70.30527,1362.949951
70.302533,1362.939941
70.299795,1362.949951
70.294319,1362.959961
70.291581,1362.969971
70.288843,1362.930054
70.286105,1362.930054
70.283368,1362.959961
70.28063,1362.939941
70.277892,1362.939941
70.275154,1362.959961
70.269678,1362.969971
70.26694,1362.959961
70.264203,1363
70.261465,1362.98999
70.258727,1362.959961
70.255989,1362.969971
70.253251,1362.97998
70.250513,1362.959961
70.247775,1362.959961
70.245038,1362.949951
70.2423,1362.959961
70.239562,1362.939941
70.236824,1362.920044
70.234086,1362.930054
70.231348,1362.949951
70.228611,1362.97998
70.225873,1362.959961
70.223135,1362.969971
70.220397,1362.98999
70.217659,1362.969971
70.214921,1362.969971
70.212183,1363
70.209446,1363
70.206708,1362.97998
70.20397,1362.939941
70.201232,1362.949951
70.198494,1362.949951
70.195756,1362.939941
70.193018,1362.939941
70.190281,1362.949951
70.187543,1362.98999
70.184805,1362.97998
70.182067,1362.920044
70.179329,1362.959961
70.176591,1362.969971
70.173854,1362.939941
70.171116,1362.949951
70.168378,1362.939941
70.16564,1362.959961
70.162902,1362.949951
70.160164,1362.939941
70.157426,1362.890015
70.154689,1362.910034
70.151951,1362.910034
70.149213,1362.910034
70.146475,1362.930054
70.143737,1362.939941
70.140999,1362.930054
70.138261,1362.939941
70.135524,1362.910034
70.132786,1362.900024
70.130048,1362.939941
70.12731,1362.949951
70.124572,1362.939941
70.121834,1362.930054
70.119097,1362.959961
70.116359,1362.949951
70.113621,1362.959961
70.110883,1362.97998
70.108145,1362.949951
70.105407,1362.98999
70.102669,1362.98999
70.099932,1362.969971
70.097194,1362.97998
70.094456,1362.97998
70.091718,1362.98999
70.08898,1362.97998
70.086242,1362.969971
70.083504,1363.030029
70.080767,1362.969971
70.078029,1362.969971
70.075291,1362.949951
70.072553,1362.910034
70.069815,1362.910034
70.067077,1362.900024
70.064339,1362.930054
70.061602,1362.890015
70.058864,1362.920044
70.056126,1362.930054
70.05065,1362.939941
70.034223,1363.02002
70.031485,1362.939941
70.028747,1362.969971
70.02601,1363.01001
70.023272,1363.01001
70.020534,1363.02002
70.017796,1363.01001
70.015058,1363
70.01232,1362.959961
70.009582,1362.959961
70.006845,1362.97998
70.004107,1362.949951
70.001369,1362.930054
69.998631,1362.920044
69.993155,1362.910034
69.990418,1362.920044
69.965777,1362.949951
69.95229197,1362.955262
69.87015476,1362.975404
69.78527964,1362.947816
69.70314243,1362.918763
69.61826732,1362.946351
69.5333922,1362.964784
69.45125499,1362.995545
69.36637987,1362.912782
69.28424266,1362.908997
69.19936754,1362.896912
69.12270615,1362.907288
69.03783103,1362.881043
68.95295591,1362.910462
68.8708187,1362.907044
68.78594359,1362.938294
68.70380638,1362.933656
68.61893126,1362.941468
68.53405614,1362.994202
68.45191893,1363.014954
68.36704381,1362.97223
68.2849066,1362.91327
68.20003149,1362.846864
68.12337009,1362.814027
68.03849497,1362.891053
67.95361986,1362.942811
67.87148265,1363.042542
67.78660753,1363.091859
67.70447032,1362.740662
67.6195952,1362.876283
67.53472008,1362.870911
67.45258287,1363.03888
67.36770776,1362.999207
67.28557055,1362.949647
67.20069543,1362.888978
67.12403403,1362.953065
67.03915891,1362.943055
66.9542838,1363.031312
66.87214659,1363.146546
66.78727147,1363.145448
66.70513426,1363.200745
66.62025914,1363.204285
66.53538403,1363.193421
66.45324682,1363.275697
66.3683717,1363.221009
66.28623449,1363.080994
66.20135937,1363.355775
66.12196007,1363.512147
66.03708495,1363.486146
65.95220983,1363.504945
65.87007262,1363.62848
65.78519751,1363.523255
65.7030603,1363.331239
65.61818518,1363.370423
65.53331006,1363.69745
65.45117285,1363.571351
65.36629773,1363.769959
65.28416052,1363.988465
65.19928541,1363.991761
65.12262401,1364.1922
65.03774889,1363.808778
64.95287378,1363.765321
64.87073657,1363.837708
64.78586145,1363.427308
64.70372424,1363.796571
64.61884912,1363.770692
64.533974,1363.559266
64.45183679,1363.528016
64.36696168,1363.662904
64.28482447,1363.772401
64.19994935,1364.054017
64.12328795,1363.294251
64.03841284,1363.559022
63.95353772,1363.734315
63.87140051,1363.377747
63.78652539,1363.374696
63.70438818,1363.67743
63.61951306,1363.705628
63.53463795,1363.641541
63.45250074,1363.601868
63.36762562,1363.611634
63.28548841,1363.37494
63.20061329,1363.53595
63.12395189,1363.488343
63.03907678,1363.442445
62.95420166,1363.507142
62.87206445,1363.515809
62.78718933,1363.533021
62.70505212,1363.74347
62.62017701,1363.605531
62.53530189,1363.243348
62.45316468,1363.474915
62.36828956,1363.33429
62.28615235,1363.415467
62.20127723,1363.297425
62.12187793,1363.524232
62.03700281,1363.54828
61.9521277,1363.75702
61.86999049,1363.568787
61.78511537,1363.446839
61.70297816,1363.289857
61.61810304,1363.266419
61.53322792,1363.326478
61.45109071,1363.364075
61.3662156,1363.459046
61.28407839,1363.473206
61.19920327,1363.103822
61.12254187,1363.10431
61.03766676,1363.074036
60.95279164,1363.055604
60.87065443,1363.101014
60.78577931,1362.994447
60.7036421,1363.092591
60.61876698,1363.10077
60.53389187,1363.147157
60.45175466,1363.040955
60.36687954,1363.088075
60.28474233,1363.114075
60.19986721,1363.049134
60.12320582,1363.08661
60.0383307,1362.979554
59.95345558,1362.957337
59.87131837,1362.960755
59.78644325,1362.884583
59.70430604,1362.872132
59.61943093,1362.870423
59.53455581,1362.871888
59.4524186,1362.903992
59.36754348,1362.924989
59.28540627,1362.866761
59.20053115,1362.876893
59.12386976,1362.867371
59.03899464,1362.841615
58.95411952,1362.854188
58.87198231,1362.877992
58.7871072,1362.884339
58.70496999,1362.862489
58.62009487,1362.870789
58.53521975,1362.882386
58.45308254,1362.882874
58.36820742,1362.928895
58.28607021,1362.945374
58.2011951,1362.858949
58.12179579,1362.919984
58.03692068,1362.971742
57.95204556,1362.884095
57.86990835,1362.87555
57.78503323,1362.885194
57.70289602,1362.886048
57.6180209,1362.940125
57.53314579,1362.891908
57.45100858,1362.932801
57.36613346,1362.851991
57.28399625,1362.879578
57.19912113,1362.944764
57.12245974,1362.875306
57.03758462,1362.819276
56.9527095,1362.839784
56.87057229,1362.810853
56.78569717,1363.021546
56.70355996,1363.006776
56.61868485,1362.829163
56.53380973,1362.963929
56.45167252,1362.999451
56.3667974,1363.127015
56.28466019,1362.935609
56.19978507,1362.96161
56.12312368,1363.02533
56.03824856,1363.057801
55.95337344,1363.005433
55.87123623,1362.906922
55.78636112,1363.060853
55.70422391,1362.92682
55.61934879,1363.065858
55.53447367,1362.981751
55.45233646,1362.92035
55.36746134,1362.940247
55.28532413,1363.008851
55.20044902,1363.030457
55.12378762,1363.080994
55.0389125,1362.901551
54.95403739,1363.356995
54.87190018,1363.167176
54.78702506,1363.251283
54.70488785,1363.267152
54.62001273,1362.990418
54.53513761,1362.811829
54.4530004,1363.217225
54.36812529,1363.180726
54.28598808,1363.34723
54.20111296,1363.304993
54.12171366,1363.276185
54.03683854,1363.275819
53.95196342,1363.465638
53.86982621,1363.341737
53.78495109,1362.591859
53.70281388,1363.569642
53.61793877,1363.456361
53.53306365,1363.383363
53.45092644,1363.238709
53.36605132,1363.361756
53.28391411,1363.395203
53.19903899,1363.411927
53.1223776,1363.87201
53.03750248,1363.913148
52.95262736,1364.081605
52.87049015,1363.653626
52.78561504,1363.74762
52.70347783,1363.637025
52.61860271,1363.478333
52.53372759,1363.291444
52.45159038,1363.919129
52.36671526,1363.852845
52.28457805,1363.805482
52.19970294,1364.334046
52.12304154,1364.542664
52.03816642,1364.714784
51.95329131,1364.172425
51.8711541,1363.714784
51.78627898,1364.064881
51.70414177,1363.440492
51.61926665,1363.705628
51.53439153,1364.002625
51.45225432,1363.773377
51.36737921,1363.874329
51.285242,1363.617738
51.20036688,1363.658875
51.12370548,1364.12262
51.03883037,1364.095033
50.95395525,1364.279481
50.87181804,1364.173402
50.78694292,1364.315736
50.70480571,1363.699159
50.61993059,1364.307191
50.53505548,1363.794007
50.45291827,1363.672425
50.36804315,1363.560731
50.28590594,1363.917054
50.20103082,1363.670594
50.12163152,1363.881287
50.0367564,1364.0589
49.95188128,1363.76056
49.86974407,1363.651307
49.78486896,1363.511659
49.70273175,1363.989198
49.61785663,1363.870423
49.53298151,1363.825867
49.4508443,1363.701478
49.36596918,1363.814637
49.28383197,1363.643739
49.19895686,1363.73346
49.12229546,1363.690614
49.03742034,1363.9787
48.95254523,1363.765687
48.87040802,1363.633118
48.7855329,1363.777039
48.70339569,1363.394349
48.61852057,1363.439027
48.53364545,1363.62616
48.45150824,1363.386903
48.36663313,1363.356507
48.28449592,1363.446961
48.1996208,1363.120789
48.1229594,1363.232362
48.03808429,1363.330872
47.95320917,1363.192445
47.87107196,1363.1745
47.78619684,1363.299867
47.70405963,1362.946595
47.61918451,1363.133851
47.5343094,1363.079896
47.45217219,1363.05182
47.36729707,1363.064515
47.28515986,1363.030824
47.20028474,1363.043397
47.12362335,1363.040711
47.03874823,1363.039002
46.95387311,1363.076722
46.8717359,1362.845277
46.78686078,1362.977113
46.70472357,1363.027894
46.61984846,1362.967591
46.53497334,1362.947205
46.45283613,1362.95453
46.36796101,1362.952088
46.2858238,1362.933045
46.20094868,1362.902528
46.12154938,1362.964784
46.03667426,1362.984925
45.95179915,1362.989564
45.86966194,1363.013734
45.78478682,1362.96222
45.70264961,1363.03534
45.61777449,1363.055116
45.53289938,1363.013856
45.45076216,1363.015076
45.36588705,1362.966981
45.28374984,1362.960633
45.19887472,1362.997987
45.12221332,1363.143861
45.03733821,1363.058534
44.95246309,1362.994202
44.87032588,1363.071717
44.78545076,1362.947816
44.70331355,1362.85785
44.61843843,1362.992738
44.53356332,1362.989564
44.45142611,1363.036317
44.36655099,1363.024476
44.28441378,1363.102479
44.19953866,1363.270814
44.12287727,1363.22345
44.03800215,1362.83014
43.95312703,1363.084657
43.87098982,1362.921326
43.7861147,1362.885438
43.70397749,1363.129945
43.61910238,1363.282655
43.53422726,1363.281068
43.45209005,1363.388123
43.36721493,1363.367738
43.28507772,1363.395203
43.20020261,1363.426575
43.12354121,1363.003846
43.03866609,1363.543519
42.95379097,1363.579408
42.87165376,1363.31012
42.78677865,1363.122865
42.70464144,1363.440003
42.61976632,1363.261536
42.5348912,1363.308167
42.45275399,1363.617005
42.36787887,1363.77472
42.28574166,1363.941346
42.20086655,1364.189759
42.12146724,1363.762635
42.03659213,1363.821595
41.95171701,1363.112611
41.8695798,1363.95099
41.78470468,1363.348206
41.70256747,1364.253724
41.61769236,1363.870301
41.53281724,1363.941468
41.45068003,1363.68512
41.36580491,1363.69513
41.2836677,1364.460145
41.19879258,1364.533021
41.12213119,1363.574769
41.03725607,1363.223695
40.95238095,1363.616639
40.87024374,1363.0318
40.78536862,1363.91034
40.70323141,1364.14911
40.6183563,1363.325013
40.53348118,1363.724305
40.45134397,1364.135804
40.36646885,1363.833314
40.28433164,1364.237244
40.19945653,1363.959046
40.12279513,1363.957948
40.03792001,1364.184754
39.95304489,1364.169862
39.87090768,1364.12848
39.78603257,1364.314149
39.70389536,1363.477845
39.61902024,1363.76764
39.53414512,1364.468446
39.45200791,1363.515199
39.3671328,1364.110902
39.28499559,1363.897767
39.20012047,1363.651673
39.12345907,1363.906434
39.03858395,1363.70868
38.95370884,1363.464051
38.87157163,1363.552186
38.78669651,1363.463563
38.7045593,1363.780701
38.61968418,1363.392762
38.53480907,1363.011048
38.45267186,1363.251649
38.36779674,1363.640809
38.28565953,1363.323548
38.20078441,1363.20929
38.12138511,1363.42389
38.03650999,1363.352479
37.95163487,1363.2912
37.86949766,1363.273621
37.78462255,1363.105164
37.70248534,1363.134827
37.61761022,1363.042786
37.5327351,1363.149598
37.45059789,1363.140687
37.36572277,1363.007874
37.28358556,1362.864564
37.19871045,1362.93158
37.12204905,1362.928651
37.03717393,1362.935365
36.95229882,1362.949036
36.8701616,1362.992371
36.78528649,1362.896912
36.70314928,1362.86908
36.61827416,1362.86139
36.53339904,1362.914368
36.45126183,1362.932313
36.36638672,1363.011781
36.28424951,1362.936463
36.19937439,1362.972718
36.12271299,1362.82599
36.03783787,1362.950623
35.95296276,1362.93744
35.87082555,1362.893739
35.78595043,1362.830018
35.70381322,1362.938416
35.6189381,1363.050965
35.53406299,1362.918641
35.45192578,1362.960511
35.36705066,1362.897401
35.28491345,1362.794251
35.20003833,1362.929505
35.12337693,1362.969178
35.03850182,1362.900697
34.9536267,1363.012147
34.87148949,1362.90387
34.78661437,1363.041077
34.70447716,1363.187562
34.61960205,1363.294862
34.53472693,1363.436463
34.45258972,1363.394837
34.3677146,1362.998231
34.28557739,1362.726746
34.20070227,1363.464417
34.12130297,1362.846253
34.03642785,1362.581727
33.95155274,1363.36078
33.86941553,1363.43158
33.78454041,1363.332703
33.7024032,1363.557679
33.61752808,1363.748719
33.53265296,1363.578553
33.45051575,1363.364808
33.36564064,1363.372254
33.28350343,1363.481507
33.19862831,1363.517274
33.12196691,1363.537049
33.0370918,1363.7016
32.95221668,1363.529481
32.87007947,1363.694398
32.78520435,1363.920228
32.70306714,1363.761659
32.61819202,1363.479066
32.53331691,1363.399964
32.4511797,1362.743836
32.36630458,1363.654237
32.28416737,1363.709779
32.19929225,1363.049622
32.12263085,1363.033753
32.03775574,1364.1662
31.95288062,1363.876405
31.87074341,1364.03595
31.78586829,1363.702699
31.70373108,1364.013856
31.61885597,1364.431092
31.53398085,1363.001649
31.45184364,1363.864564
31.36696852,1364.003236
31.28483131,1364.406556
31.19995619,1364.052186
31.1232948,1363.851624
31.03841968,1364.384217
30.95354456,1364.28595
30.87140735,1363.28241
30.78653224,1363.824891
30.70439503,1363.87201
30.61951991,1363.999207
30.53464479,1363.998963
30.45250758,1364.080262
30.36763246,1363.707581
30.28549525,1363.552308
30.20062014,1364.355409
30.12122083,1363.918519
30.03634572,1364.190247
29.9514706,1364.23993
29.86933339,1363.749085
29.78445827,1363.830018
29.70232106,1363.790345
29.61744594,1363.808534
29.53257083,1363.836243
29.45043362,1363.314515
29.3655585,1364.050965
29.28342129,1363.936341
29.19854617,1364.461121
29.12188478,1364.011292
29.03700966,1363.598328
28.95213454,1363.003724
28.86999733,1363.566468
28.78512221,1363.824647
28.702985,1363.402161
28.61810989,1363.829041
28.53323477,1363.733338
28.45109756,1363.702699
28.36622244,1363.523133
28.28408523,1363.353577
28.19921011,1363.393861
28.12254872,1363.088807
28.0376736,1363.554261
27.95279848,1363.461976
27.87066127,1363.578187
27.78578616,1363.189271
27.70364895,1362.949525
27.61877383,1363.219422
27.53389871,1363.183778
27.4517615,1362.995667
27.36688638,1363.193543
27.28474917,1363.101502
27.19987406,1363.038392
27.12321266,1363.149232
27.03833754,1363.04181
26.95346243,1362.955872
26.87132522,1362.997865
26.7864501,1363.077454
26.70431289,1363.007752
26.61943777,1362.951356
26.53456265,1362.964539
26.45242544,1362.99054
26.36755033,1363.043641
26.28541312,1362.918641
26.200538,1362.860047
26.1211387,1362.994813
26.03626358,1362.994813
25.95138846,1363.022645
25.86925125,1363.054261
25.78437613,1363.058534
25.70223892,1363.123841
25.61736381,1362.793519
25.53248869,1362.939271
25.45035148,1362.988587
25.36547636,1363.07245
25.28333915,1363.082459
25.19846403,1362.998109
25.12180264,1362.929261
25.03692752,1362.944642
24.9520524,1362.991029
24.86991519,1363.137025
24.78504008,1362.981141
24.70290287,1362.985291
24.61802775,1363.088197
24.53315263,1362.905335
24.45101542,1363.220155
24.3661403,1363.182801
24.28400309,1362.978577
24.19912798,1363.131776
24.12246658,1363.016785
24.03759146,1363.053651
23.95271635,1363.081971
23.87057914,1363.067445
23.78570402,1363.127503
23.70356681,1362.96515
23.61869169,1363.133485
23.53381657,1363.136414
23.45167936,1363.215272
23.36680425,1363.2818
23.28466704,1363.172669
23.19979192,1363.069398
23.12313052,1363.274598
23.03825541,1363.279115
22.95338029,1363.132996
22.87124308,1363.310975
22.78636796,1363.188905
22.70423075,1363.563783
22.61935563,1363.392396
22.53448052,1363.533021
22.45234331,1363.414246
22.36746819,1363.196351
22.28533098,1363.697083
22.20045586,1363.349549
22.12105656,1363.306336
22.03618144,1363.546815
21.95130632,1363.25995
21.86916911,1363.277894
21.784294,1363.128602
21.70215679,1363.375794
21.61728167,1363.172791
21.53240655,1363.200501
21.45026934,1363.428162
21.36539422,1363.353455
21.28325701,1363.375672
21.1983819,1363.619325
21.1217205,1363.364442
21.03684538,1363.353211
20.95197027,1363.829896
20.86983306,1363.652039
20.78495794,1363.675111
20.70282073,1363.620789
20.61794561,1363.588197
20.53307049,1363.613953
20.45093328,1363.826112
20.36605817,1363.523499
20.28392096,1363.633851
20.19904584,1363.926331
20.12238444,1363.375672
20.03750933,1363.641541
19.95263421,1363.709657
19.870497,1363.456605
19.78562188,1363.565736
19.70348467,1363.883851
19.61860955,1363.588563
19.53373444,1363.82013
19.45159723,1363.443299
19.36672211,1363.888612
19.2845849,1363.660462
19.19970978,1363.619325
19.12304839,1363.753602
19.03817327,1363.558411
18.95329815,1363.364442
18.87116094,1363.686219
18.78628582,1363.557435
18.70414861,1363.614075
18.6192735,1363.478577
18.53439838,1363.604188
18.45226117,1363.407899
18.36738605,1363.431092
18.28524884,1363.764466
18.20037372,1363.757386
18.12097442,1363.765565
18.0360993,1363.649842
17.95122419,1363.501649
17.86908698,1363.517152
17.78421186,1363.656434
17.70207465,1363.789735
17.61719953,1363.455262
17.53232441,1363.392884
17.4501872,1363.531556
17.36531209,1363.276429
17.28317488,1363.88849
17.19829976,1363.324525
17.12163836,1363.568421
17.03676325,1363.223328
16.95188813,1363.428529
16.86975092,1363.460877
16.7848758,1363.403626
16.70273859,1363.222596
16.61786347,1363.473084
16.53298836,1363.283143
16.45085115,1363.367127
16.36597603,1363.409852
16.28383882,1363.046204
16.1989637,1363.065003
16.12230231,1363.154847
16.03742719,1363.116273
15.95255207,1363.036927
15.87041486,1363.044373
15.78553974,1363.08722
15.70340253,1363.035096
15.61852742,1363.116639
15.5336523,1363.108338
15.45151509,1363.119325
15.36663997,1363.047913
15.28450276,1363.05304
15.19962764,1363.036073
15.12296625,1363.018861
15.03809113,1363.002503
14.95321601,1363.040345
14.8710788,1363.019715
14.78620369,1363.034974
14.70406648,1362.993348
14.61919136,1362.992616
14.53431624,1362.981385
14.45217903,1363.015199
14.36730391,1362.995179
14.2851667,1363.06244
14.20029159,1362.999696
14.12089228,1363.023255
14.03601717,1362.9964
13.95114205,1363.067323
13.86900484,1363.127381
13.78412972,1362.981141
13.70199251,1362.859437
13.61711739,1363.005799
13.53224228,1363.040345
13.45010507,1363.047425
13.36522995,1362.990907
13.28309274,1362.957703
13.19821762,1363.060731
13.12155623,1363.08014
13.03668111,1362.997376
12.95180599,1363.089906
12.86966878,1363.045472
12.78479366,1363.088197
12.70265645,1362.920594
12.61778134,1363.046204
12.53290622,1363.080994
12.45076901,1363.212708
12.36589389,1363.121522
12.28375668,1363.134583
12.19888156,1363.241639
12.12222017,1362.959534
12.03734505,1363.044495
11.95246993,1363.190858
11.87033272,1363.174256
11.78545761,1363.309876
11.7033204,1363.064759
11.61844528,1363.511781
11.53357016,1363.222108
11.45143295,1363.108826
11.36655783,1363.295594
11.28442062,1363.212098
11.19954551,1363.329408
11.12288411,1363.419617
11.03800899,1363.525941
10.95313388,1363.62616
10.87099667,1363.513856
10.78612155,1363.722718
10.70398434,1363.873963
10.61910922,1363.662415
10.5342341,1363.626771
10.45209689,1363.843568
10.36722178,1363.618104
10.28508457,1363.566956
10.20020945,1363.911073
10.12081015,1363.822572
10.03593503,1363.767884
9.951059912,1363.67389
9.868922702,1363.653992
9.784047585,1363.883485
9.701910375,1363.924622
9.617035257,1363.479676
9.53216014,1364.092835
9.45002293,1363.882752
9.365147813,1364.02765
9.283010603,1364.000062
9.198135485,1363.676209
9.121474089,1364.260682
9.036598972,1363.643861
8.951723855,1363.821717
8.869586644,1364.359193
8.784711527,1364.27411
8.702574317,1364.323304
8.6176992,1364.20575
8.532824083,1363.967347
8.450686872,1364.363343
8.365811755,1364.354432
8.283674545,1364.132752
8.198799428,1363.317567
8.122138032,1364.294495
8.037262914,1364.37262
7.952387797,1364.223817
7.870250587,1365.078675
7.78537547,1364.023866
7.70323826,1363.55304
7.618363142,1364.467713
7.533488025,1364.060853
7.451350815,1363.515321
7.366475698,1364.338929
7.284338487,1364.200745
7.19946337,1364.180726
7.122801974,1364.44513
7.037926857,1364.613831
6.95305174,1363.976258
6.870914529,1363.792786
6.786039412,1364.180482
6.703902202,1364.361878
6.619027085,1363.649842
6.534151968,1363.641175
6.452014757,1363.650208
6.36713964,1363.375184
6.28500243,1364.114686
6.200127313,1363.581239
6.120728009,1362.866273
6.035852892,1363.269227
5.950977775,1363.554383
5.868840565,1363.271058
5.783965448,1363.172913
5.701828237,1363.289613
5.61695312,1362.994447
5.532078003,1363.31305
5.449940793,1363.061707
5.365065676,1363.056458
5.282928465,1363.074403
5.198053348,1363.096986
5.121391952,1363.08014
5.036516835,1363.021668
4.951641717,1363.017152
4.869504507,1363.032777
4.78462939,1363.087708
4.70249218,1362.986634
4.617617063,1362.996644
4.532741945,1362.960267
4.450604735,1362.953797
4.365729618,1362.966737
4.283592408,1362.988709
4.198717291,1362.887025
4.122055894,1362.971619
4.037180777,1362.98285
3.95230566,1362.988587
3.87016845,1362.990784
3.785293333,1363.003114
3.703156122,1362.995057
3.618281005,1362.902894
3.533405888,1362.978944
3.451268678,1362.931825
3.36639356,1363.000306
3.28425635,1362.85846
3.199381233,1363.013734
3.122719837,1363.082459
3.03784472,1363.00702
2.952969602,1363.022767
2.870832392,1362.918397
2.785957275,1363.022279
2.703820065,1363.191956
2.618944948,1363.187074
2.53406983,1363.10724
2.45193262,1363.214417
2.367057503,1363.192445
2.284920293,1363.077576
2.200045175,1363.108704
2.120645872,1363.081361
2.035770755,1363.162537
1.950895638,1363.158143
1.868758428,1363.383118
1.78388331,1363.289002
1.7017461,1363.309998
1.616870983,1363.407533
1.531995866,1363.424256
1.449858656,1362.547791
1.364983538,1362.455994
1.282846328,1362.927796
1.197971211,1363.282899
1.121309815,1363.347596
1.036434697,1363.092103
0.95155958,1363.286927
0.86942237,1363.226502
0.784547253,1363.426209
0.702410043,1363.539246
0.617534925,1363.363831
0.532659808,1363.397889
0.450522598,1363.533143
0.365647481,1363.463075
0.283510271,1362.932435
0.198635153,1363.656556
0.121973757,1363.273499
0.03709864,1363.712342
-0.047776477,1363.896058
-0.129913687,1363.595643
-0.214788805,1363.696961
-0.296926015,1363.622254
-0.381801132,1363.397401
-0.466676249,1363.755555
-0.5,1364.015696
-1.5,1364.208596
-2.5,1364.004796
-3.5,1363.569296
-4.5,1363.430696
-5.5,1363.193096
-6.5,1363.190296
-7.5,1363.365196
-8.5,1363.530596
-9.5,1363.684996
-10.5,1363.914996
-11.5,1363.958596
-12.5,1364.002096
-13.5,1363.722996
-14.5,1363.261696
-15.5,1363.149896
-16.5,1363.120696
-17.5,1363.132296
-18.5,1363.239796
-19.5,1363.470896
-20.5,1363.385096
-21.5,1363.526396
-22.5,1363.591596
-23.5,1363.324396
-24.5,1362.985496
-25.5,1362.889596
-26.5,1362.882696
-27.5,1362.986396
-28.5,1363.176596
-29.5,1363.404996
-30.5,1363.741096
-31.5,1364.060796
-32.5,1363.855196
-33.5,1363.690496
-34.5,1363.381496
-35.5,1363.070196
-36.5,1362.996096
-37.5,1362.947596
-38.5,1362.998396
-39.5,1363.203596
-40.5,1363.305896
-41.5,1363.437896
-42.5,1363.411496
-43.5,1363.529196
-44.5,1363.285596
-45.5,1363.299396
-46.5,1363.007896
-47.5,1362.916996
-48.5,1362.924496
-49.5,1363.014096
-50.5,1363.100296
-51.5,1363.176496
-52.5,1363.223596
-53.5,1363.513196
-54.5,1363.621396
-55.5,1363.755196
-56.5,1363.630896
-57.5,1363.453896
-58.5,1363.169096
-59.5,1363.050096
-60.5,1363.061496
-61.5,1363.095096
-62.5,1363.142796
-63.5,1363.341996
-64.5,1363.502196
-65.5,1363.609196
-66.5,1363.395996
-67.5,1363.438996
-68.5,1363.378296
-69.5,1363.047796
-70.5,1362.878096
-71.5,1362.891796
-72.5,1363.004296
-73.5,1363.065596
-74.5,1363.290796
-75.5,1363.624696
-76.5,1363.918796
-77.5,1364.016096
-78.5,1364.258396
-79.5,1363.964496
-80.5,1363.751196
-81.5,1363.437096
-82.5,1363.315196
-83.5,1363.443996
-84.5,1363.565096
-85.5,1363.582296
-86.5,1363.633996
-87.5,1363.780696
-88.5,1363.909296
-89.5,1363.918596
-90.5,1363.762996
-91.5,1363.476396
-92.5,1363.234996
-93.5,1363.162296
-94.5,1363.262096
-95.5,1363.382596
-96.5,1363.577196
-97.5,1363.702796
-98.5,1363.788796
-99.5,1363.985596
-100.5,1364.199296
-101.5,1364.157196
-102.5,1363.764696
-103.5,1363.693096
-104.5,1363.488496
-105.5,1363.307596
-106.5,1363.284796
-107.5,1363.341796
-108.5,1363.554896
-109.5,1363.831496
-110.5,1363.932496
-111.5,1364.238496
-112.5,1364.295096
-113.5,1363.962996
-114.5,1363.533696
-115.5,1363.332596
-116.5,1363.297496
-117.5,1363.392396
-118.5,1363.508096
-119.5,1363.471396
-120.5,1363.454296
-121.5,1363.385596
-122.5,1363.265196
-123.5,1363.018196
-124.5,1362.886496
-125.5,1362.802096
-126.5,1362.730496
-127.5,1362.785396
-128.5,1362.844896
-129.5,1362.993996
-130.5,1363.040596
-131.5,1363.143296
-132.5,1363.236196
-133.5,1363.253496
-134.5,1363.055396
-135.5,1363.007696
-136.5,1362.949096
-137.5,1362.904796
-138.5,1362.880596
-139.5,1362.875196
-140.5,1362.938096
-141.5,1362.940496
-142.5,1363.052896
-143.5,1363.167296
-144.5,1363.269296
-145.5,1363.207096
-146.5,1363.183296
-147.5,1363.157596
-148.5,1362.996696
-149.5,1362.834696
-150.5,1362.823996
-151.5,1362.802996
-152.5,1362.884796
-153.5,1363.029596
-154.5,1363.198596
-155.5,1363.329396
-156.5,1363.523096
-157.5,1363.662496
-158.5,1363.819896
-159.5,1364.094596
-160.5,1364.148596
-161.5,1364.268496
-162.5,1363.985296
-163.5,1363.603996
-164.5,1363.395996
-165.5,1363.347396
-166.5,1363.496096
-167.5,1363.704096
-168.5,1364.009396
-169.5,1364.307096
-170.5,1364.505496
-171.5,1364.380396
-172.5,1363.679996
-173.5,1363.368296
-174.5,1363.188796
-175.5,1363.263596
-176.5,1363.329196
-177.5,1363.631296
-178.5,1363.811296
-179.5,1364.038096
-180.5,1363.832696
-181.5,1363.627096
-182.5,1363.353596
-183.5,1363.229296
-184.5,1363.244896
-185.5,1363.378096
-186.5,1363.435896
-187.5,1363.550096
-188.5,1363.582296
-189.5,1363.491996
-190.5,1363.360396
-191.5,1363.287996
-192.5,1363.026496
-193.5,1362.952196
-194.5,1362.941296
-195.5,1363.041596
-196.5,1363.282596
-197.5,1363.375896
-198.5,1363.598896
-199.5,1363.749996
-200.5,1363.518596
-201.5,1363.383896
-202.5,1363.180996
-203.5,1363.005196
-204.5,1362.901596
-205.5,1362.917496
-206.5,1363.021996
-207.5,1363.190996
-208.5,1363.470196
-209.5,1363.727796
-210.5,1363.844496
-211.5,1363.749096
-212.5,1363.605096
-213.5,1363.405896
-214.5,1363.157796
-215.5,1363.004096
-216.5,1362.969696
-217.5,1363.105996
-218.5,1363.294596
-219.5,1363.497496
-220.5,1363.755596
-221.5,1363.923496
-222.5,1363.801796
-223.5,1363.544396
-224.5,1363.338196
-225.5,1363.190696
-226.5,1363.137596
-227.5,1363.144696
-228.5,1363.125396
-229.5,1363.154296
-230.5,1363.272196
-231.5,1363.356896
-232.5,1363.302396
-233.5,1363.174796
-234.5,1363.043996
-235.5,1362.946296
-236.5,1362.897396
-237.5,1362.879896
-238.5,1362.901896
-239.5,1363.034096
-240.5,1363.216496
-241.5,1363.362996
-242.5,1363.431796
-243.5,1363.496696
-244.5,1363.520896
-245.5,1363.340096
-246.5,1363.145896
-247.5,1363.016196
-248.5,1362.958496
-249.5,1362.838696
-250.5,1362.783396
-251.5,1362.736496
-252.5,1362.691096
-253.5,1362.649596
-254.5,1362.614196
-255.5,1362.586696
-256.5,1362.568396
-257.5,1362.559896
-258.5,1362.559096
-259.5,1362.562096
-260.5,1362.610396
-261.5,1362.572796
-262.5,1362.559096
-263.5,1362.559096
-264.5,1362.559096
-265.5,1362.559296
-266.5,1362.562596
-267.5,1362.595696
-268.5,1362.605796
-269.5,1362.573096
-270.5,1362.568296
-271.5,1362.701196
-272.5,1362.806896
-273.5,1362.579996
-274.5,1362.559096
-275.5,1362.559196
-276.5,1362.567796
-277.5,1362.656496
-278.5,1362.572296
-279.5,1362.559096
-280.5,1362.559096
-281.5,1362.559096
-282.5,1362.559096
-283.5,1362.559096
-284.5,1362.559096
-285.5,1362.559096
-286.5,1362.559496
-287.5,1362.568796
-288.5,1362.682496
-289.5,1362.578196
-290.5,1362.559096
-291.5,1362.559096
-292.5,1362.559396
-293.5,1362.560096
-294.5,1362.563896
-295.5,1362.638696
-296.5,1362.696696
-297.5,1362.575596
-298.5,1362.560096
-299.5,1362.555696
-300.5,1362.555996
-301.5,1362.556496
-302.5,1362.557296
-303.5,1362.560096
-304.5,1362.606196
-305.5,1362.673596
-306.5,1362.793296
-307.5,1362.716696
-308.5,1362.613596
-309.5,1362.911996
-310.5,1363.071196
-311.5,1362.760196
-312.5,1362.531596
-313.5,1362.572996
-314.5,1362.585196
-315.5,1362.619596
-316.5,1362.605396
-317.5,1362.568796
-318.5,1362.576496
-319.5,1362.631696
-320.5,1362.712396
-321.5,1362.697296
-322.5,1362.713596
-323.5,1362.803696
-324.5,1362.730696
-325.5,1362.634596
-326.5,1362.665196
-327.5,1362.663396
-328.5,1362.663896
-329.5,1362.662396
-330.5,1362.612796
-331.5,1362.575296
-332.5,1362.664296
-333.5,1362.958596
-334.5,1363.306196
-335.5,1363.372796
-336.5,1363.241996
-337.5,1362.964896
-338.5,1362.755096
-339.5,1362.470696