age_ma_bp,modern_land_sealevel_m
0,0.00
10,-3.62
20,1.94
30,-2.88
40,23.81
50,46.56
60,84.63
70,138.84
80,283.52
90,212.00
100,212.83
110,157.11
120,210.77
130,158.39
140,129.56
150,153.19
160,200.95
170,118.41
180,25.00
190,47.81
200,55.75
210,14.66
220,57.74
230,37.03
240,40.09
250,72.03
260,73.22
270,154.80
280,139.68
290,113.57
300,156.62
310,165.88
320,83.70
330,135.49
340,123.49
350,147.27
360,103.89
370,232.06
380,246.98
390,259.14
400,169.48
410,150.12
420,259.14
430,261.91
440,175.44
450,181.37
460,249.49
470,241.42
480,242.32
490,234.97
500,246.02
510,304.32
520,245.84
