age_ma_bp,co2_mode_ppm,co2_lower95_ppm,co2_lower68_ppm,co2_upper68_ppm,co2_upper95_ppm
3.8999999999999998E-3,276.00762822379102,175.56942872891801,230.66133232988599,306.38773904452597,342.74557640790903
0.50390000000000001,275.73373863739801,196.68406520331499,239.85828028186501,311.39506852553899,346.50162955812198
1.0039,287.210267254418,209.773171008605,250.861577995152,311.93855062269301,339.55141133463798
1.5039,290.03408030383503,221.12546269848801,259.69502097412101,312.22649970192799,334.89046262939002
2.0038999999999998,295.98620552461699,230.99510490561201,265.29330398808202,314.38962438589198,336.49149702936899
2.5038999999999998,298.01623247947498,238.671277564056,267.88838057894401,317.585948935901,341.08255417641197
3.0038999999999998,299.34657489017502,243.22558716167799,269.25224590202498,322.58777193565601,343.98210805802597
3.5038999999999998,302.99238672628201,242.174698035647,269.92559658803401,329.04636878167702,351.09903997992501
4.0038999999999998,298.32809254453798,240.52332207030599,269.39858040421501,334.41534353516698,359.48021992684698
4.5038999999999998,300.00492362769802,238.23562260847501,268.38877449448103,339.28566434399698,366.86817127742
5.0038999999999998,302.578036933965,236.17337184714401,267.34611394636801,344.642395537705,374.11404506973201
5.5038999999999998,316.981223640785,234.959512355014,265.918392123194,349.271361412521,382.46828321935698
6.0038999999999998,319.11075998427901,230.51355662461799,264.791207848586,352.159913849904,389.22053948873997
6.5038999999999998,320.21605053843803,229.41749077484599,264.48245753599701,356.24395097351999,392.78621545153999
7.0038999999999998,321.29970490129602,229.850622068322,262.77855905165802,358.05363364644501,398.45199196261302
7.5038999999999998,323.48040628919,225.38902181857199,259.13303290168301,360.203932114645,402.45757009248399
8.0038999999999998,307.93647621177001,222.625188451329,256.58192063790898,361.04326592504799,403.73030647232503
8.5038999999999998,307.342566980909,218.282049841131,252.86923025912401,360.70430517115699,407.34404895478798
9.0038999999999998,305.74766356093897,213.85486107492801,250.51537737185899,360.31996157240002,408.86611809016603
9.5038999999999998,303.87667282096601,211.485828094976,247.60520813126999,359.37189840434002,409.15092622015499
10.0039,301.65952812473699,210.35763072549301,246.86822388291699,359.98000311929701,408.26754137293801
10.5039,299.40256699178201,210.07267059472201,247.50383370711,359.55431917008798,408.81859685230103
11.0039,302.28358140496198,213.119759275051,248.11690428486,358.638370889415,406.04453104318799
11.5039,304.16791948708601,216.762706261228,250.176149952266,357.74454962722001,405.960817288263
12.0039,302.62015351880899,218.65680938694399,253.18952278819799,359.47222830662503,403.92309337494697
12.5039,301.75593681229998,218.92018904226799,254.922602063874,359.24724444746897,402.91113230997098
13.0039,302.02930947156602,220.25188566452701,259.378528033642,358.24934470679602,407.515171684027
13.5039,302.88061403268102,224.08488250771899,262.02043877946397,359.12098360770199,410.739864514999
14.0039,306.53125993679799,229.68276957085499,265.13355124894701,357.05627900763301,407.54168494112901
14.5039,306.58303906373499,234.080200065009,269.04074893222497,355.88104332794597,409.53575125922703
15.0039,311.08686214131399,237.05732169597201,269.69652788306399,357.00203824058701,414.47369004682002
15.5039,308.28127959227697,229.11121897890399,267.68164229373099,358.303821870825,421.86944992196698
16.003900000000002,309.274167792387,224.53327699014099,266.08296952489502,363.111375471305,430.21934330234802
16.503900000000002,311.34523241620502,219.77482978138599,264.999401886459,368.75827222052197,438.441734885914
17.003900000000002,314.56552175484597,220.258218238165,265.10465803012198,374.53100791155299,444.82034190721902
17.503900000000002,317.72233601849598,220.05155084862099,266.65881318432503,380.594687825591,452.06048310249099
18.003900000000002,318.43323959421502,220.174072148091,266.013239439877,388.59800539861601,459.69761392260699
18.503900000000002,322.30687791839699,217.006065260029,266.02745637104999,397.33785478489602,468.45844505915801
19.003900000000002,329.94937408474198,214.40104388904399,269.86018441538801,404.826620707573,478.56707022736498
19.503900000000002,338.28335233371399,213.94369966781801,274.428356682897,414.456129868917,490.45273812410602
20.003900000000002,347.03729163961702,217.49106222395599,279.953996959378,422.63817499512101,498.66049580985498
20.503900000000002,353.00110585868902,228.16115085508099,288.70263969661602,429.82556787119501,506.48603919386801
21.003900000000002,357.72582737659297,237.634224007781,298.32909340305798,437.29100352456402,510.98272138624299
21.503900000000002,353.38306062242202,247.148189815286,310.50644118806503,446.34120175527602,518.59199056319005
22.003900000000002,364.280769521867,260.39653055738,321.86439674572,454.70042039535599,529.09788526234104
22.503900000000002,386.95519926385799,272.804207574835,331.98370895994202,462.18070745402599,540.28807415067604
23.003900000000002,405.42213920073601,286.01695294636698,344.98888921294201,474.38156361587397,549.11431765166697
23.503900000000002,422.12955758937699,303.46696960235698,361.25125179439601,488.40396418198901,559.11773764267798
24.003900000000002,442.57232483131702,328.50967680929398,384.996199756755,506.86466251077502,570.32834850849395
24.503900000000002,467.053035587419,358.59561667757401,408.07645922507203,528.42950777952899,591.30748181983699
25.003900000000002,489.11782630322301,387.89922583545399,435.41771744013698,548.60035739006196,607.34374641653403
25.503900000000002,497.87860604927698,415.219949861202,461.13984931984902,569.30201918952798,630.57256826148296
26.003900000000002,518.95004624098999,436.68454105661499,479.12141335388202,591.03009547511397,643.634591458155
26.503900000000002,542.70249769085001,457.56425336696401,500.63276707007498,611.445463207236,656.61602753572595
27.003900000000002,571.25214218583301,481.54132759881497,522.39351412253097,627.99025102214102,674.91361293787304
27.503900000000002,595.24096052000596,500.19896196624501,542.722715328768,646.24265361507298,688.06161456137897
28.003900000000002,611.435623218214,519.90651772104104,563.79872196424299,665.02765117879403,700.90717797748198
28.503900000000002,631.02075831944899,544.71336171619896,585.59250927597998,685.24327842596699,721.14817484425703
29.003900000000002,648.53501665891997,565.32844087981005,604.80858204200001,704.779214411731,743.44597642066105
29.503900000000002,673.593536521185,582.29273191342395,627.39020685912101,725.07141716116405,765.13161133414405
30.003900000000002,693.50871922182296,603.98321170284601,653.52729920412605,747.99257257756994,788.61846757046806
30.503900000000002,740.87154298498604,618.97929393074503,681.93790802679598,776.33532158013497,811.69564953210499
31.003900000000002,763.85120490725603,648.94032692341796,715.14833076171305,808.264718733569,843.21197609328203
31.503900000000002,803.94509085571997,674.05591065906799,744.89833198050098,843.07616807324302,878.38476614221202
32.003900000000002,836.25707885343797,683.51145312053995,771.30081789436895,875.06222247775997,910.53948801050603
32.503900000000002,857.90200398993898,697.98425543751796,791.04964855018795,901.09841814050503,941.29077269577704
33.003900000000002,867.91004965113405,710.915334551314,805.54389950688198,921.48481461889105,961.92108165121704
33.503900000000002,881.50382038663895,715.26601194079603,818.84006694251195,933.16153381277002,978.53790076753205
34.003900000000002,896.71871155771998,719.93207757089499,826.75496171670397,946.86995898859595,994.33621287338497
34.503900000000002,893.52854799187901,723.34071635046905,829.22819509604096,959.32136783593796,1007.08212648792
35.003900000000002,904.17584996388598,720.347069397523,830.10010618957403,970.63153555569704,1022.23892320067
35.503900000000002,904.32281207154097,717.23070403298595,823.24704018759496,978.76806785593703,1033.95206969987
36.003900000000002,900.69934145909895,713.73011340950995,818.20133319220304,982.32917868737695,1041.37302795185
36.503900000000002,894.765278289192,711.52875731821302,816.78460284985897,979.184323976982,1041.52444983538
37.003900000000002,894.97753796596703,702.62313382948196,806.27861474154895,968.86570237292199,1036.5567395216301
37.503900000000002,886.25602981852398,682.12427164301005,788.25743936336198,956.67525516274497,1025.9952648104099
38.003900000000002,860.03532949234102,661.22752258081198,766.04238475002603,941.30990360699695,1023.31975556523
38.503900000000002,841.87489733236896,644.43241868652501,748.013596175217,929.05373135797004,1017.69757835147
39.003900000000002,814.58475687403097,635.51817749435099,729.61147067400304,918.84275492045902,1013.60136229113
39.503900000000002,795.566042957077,629.57650246826199,717.33096187106003,911.62362016413897,1003.62585195802
40.003900000000002,768.21695571313603,612.932123189143,705.63009086499596,902.08994338747596,993.76931996251597
40.503900000000002,794.57427924650801,602.50610010845401,688.02626162484205,886.57288353245497,984.13318303729204
41.003900000000002,766.13165484919296,579.28257074651299,670.20690296329201,872.87815218607705,972.05995011904895
41.503900000000002,749.27460019476098,562.03425178326802,648.901219215987,862.35280204747698,965.55801629796701
42.003900000000002,736.22799618455201,539.58705900318205,629.20354791588898,854.20184434682903,971.60250797155595
42.503900000000002,717.83867462484,523.53087206064299,619.07973116240498,852.76826969951196,970.63944769877503
43.003900000000002,723.59108093562202,525.90839501300104,615.81917068376003,848.16383884434595,970.60989853502895
43.503900000000002,701.62734989686896,527.21010408213601,619.527856213615,852.396526824538,971.71208192704103
44.003900000000002,732.40058058001,542.40537835868304,630.32228045526199,868.91934142786602,968.01119567230501
44.503900000000002,751.41264548677498,541.65533004788097,638.69698326343598,885.16701304968205,985.19710543831195
45.003900000000002,768.60750322169201,551.06170688423504,653.12665953603596,901.48584394327202,1018.71445701885
45.503900000000002,777.06276452116299,562.63087785782602,660.32135465262104,916.328970449998,1043.3757766526801
46.003900000000002,790.45472950393105,569.42689746393205,667.67846093150399,930.54536649830698,1063.1527585507799
46.503900000000002,802.80417750217396,585.14565912020396,676.88308080572301,943.16347284971903,1082.27430529401
47.003900000000002,817.337732664177,600.90365587494398,699.15507850342794,957.37393291973399,1102.8933331546
47.503900000000002,833.97990725353304,618.94097711957397,718.15404412579096,976.71213962552099,1132.0928891205999
48.003900000000002,811.38058536091796,630.37899557722801,729.26065712093805,995.93689589343296,1157.93809871595
48.503900000000002,850.04045410325602,621.89706685067495,735.89661928165197,1008.82916015385,1178.64202264707
49.003900000000002,853.411682484278,616.66419621134901,737.06843731736399,1013.79934078077,1182.50181629546
49.503900000000002,843.31694029233699,610.74345337841305,730.70945480101204,1006.08119095251,1177.2582097408199
50.003900000000002,827.60628837102001,606.32135927894899,721.63999328404498,990.27534905398397,1142.7423108242399
50.503900000000002,812.63594321361995,607.08023750134498,707.61959500443197,966.92910431961798,1109.2005805367501
51.003900000000002,786.19655322844505,598.11214173282497,690.27959125750601,936.49364915152398,1071.27068095563
51.503900000000002,755.56503845806799,589.49712652195001,666.86330046720104,906.49205192458396,1027.9657770696101
52.003900000000002,730.23114149281901,577.26474101798999,651.47143040348794,876.45452628748296,991.28733222385495
52.503900000000002,744.05216977438295,565.26539236900896,635.32436049833802,851.24194215377304,948.54918868949801
53.003900000000002,726.71793451595704,545.85434809685603,616.66396209300297,822.58777268767994,907.30886291929096
53.503900000000002,701.62335023965204,532.412347594528,598.55050550432804,788.75360989623402,864.23416194593699
54.003900000000002,669.93996362369705,511.59575469240002,577.65080574505805,750.58288823741202,821.89808172333505
54.503900000000002,636.54275305692499,491.46770299175103,549.86058846220396,714.64261666130801,783.75225547697698
55.003900000000002,604.41430472120101,465.99497493917602,520.81409019069099,683.83851246701704,755.90621818066199
55.503900000000002,577.466034208118,434.67348340643798,494.754345891502,657.57355436296302,729.59901643678597
56.003900000000002,565.48699143042995,413.54181414118,471.81276149903601,632.80191901352998,700.59311616775005
56.503900000000002,535.84938673866998,389.447623349661,448.53443301533599,601.93014853049397,666.95528169531804
57.003900000000002,497.39356927379202,365.14280302961998,421.778748504617,568.99030206857401,624.81717093600798
57.503900000000002,455.736435427868,343.02237412396403,394.21146247806701,532.59802348418305,590.95183163571801
58.003900000000002,417.940682391319,319.90090408098899,365.71234060928498,499.63693032606301,568.05472511218397
58.503900000000002,390.44178843881002,294.35219050241,339.63281077284302,468.39956859974899,549.98754613064102
59.003900000000002,380.397957867071,273.12980426174897,314.764776694548,444.760847728893,533.353134470079
59.503900000000002,364.39118617967,256.70609483786302,296.77946961279901,426.62854109412899,525.41067789257397
60.003900000000002,350.13548190944499,246.23157715646499,285.28707933570399,410.81960728242098,512.75960240402003
60.503900000000002,336.37722112034299,238.16709113279799,279.34578606398298,396.06689851991598,496.16080966191498
61.003900000000002,328.64591916722298,233.399506357809,273.03445319738103,381.65344165747098,485.98373488933402
61.503900000000002,315.57500440714199,230.181622614594,267.04651568332503,372.947501334582,476.63922858411598
62.003900000000002,309.77841698307401,223.704241414991,260.70495741885998,366.14331187903002,470.59515396124698
62.503900000000002,304.22447996545901,213.93319771191901,253.86042213838601,357.681427948139,461.89808053692298
63.003900000000002,288.16917199064699,203.80697608421301,245.19728876162799,346.54730473784002,451.86784742742998
63.503900000000002,275.40458135040001,189.42730322442799,235.26714369798501,334.277591734005,436.36230532228302
64.003900000000002,261.70474598710001,181.50234723042101,222.43875097801501,321.19482979644403,425.98631973297302
64.503900000000002,256.66856220256102,167.09648554773901,207.66941035115701,308.40608220962599,418.329094491467
65.003900000000002,244.441626700266,153.52314282735,194.11821356416201,298.77857250295102,423.88532814247401
65.503900000000002,235.40236222490299,146.08968194629199,187.15886061581,292.06943381116503,421.64599627131599
66.003900000000002,228.84255695133101,147.25467346512499,185.52243385439201,291.01319507420197,420.49812488802502
66.503900000000002,238.803163517592,149.51348611443399,190.88045497292401,293.65660425070502,416.01291013495302
67.003900000000002,247.76085851675199,153.692506451665,193.37748097599001,298.833939936489,405.99646078720298
67.503900000000002,245.153393888849,151.73542371995299,193.8648379652,310.75134426107599,417.62363531766198
68.003900000000002,244.277982617898,150.10480465670099,195.92739737980301,325.21347023009298,445.40957139963098
68.503900000000002,247.71216919491101,146.10696554777601,197.457284008979,341.890577798305,466.63377152533502
69.003900000000002,261.65001844788998,146.36402283411201,203.584607869454,359.43459886813298,483.28225642464599
69.503900000000002,278.05117037606499,150.04571850379801,214.52014215231699,380.68138503532703,504.84288811640602
70.003900000000002,304.06984346450798,152.00802468611801,224.47184587359899,406.79009653939499,537.55351765068895
70.503900000000002,334.70443243194302,147.28298457781901,236.96286130399301,435.20244913242698,585.20596717851004
71.003900000000002,345.48959911819998,141.219873741519,246.400202082616,469.693071488285,633.66788370671702
71.503900000000002,355.688296062478,136.67455502324299,259.74920719554302,511.62637680154501,674.62872569935405
72.003900000000002,369.23423583134399,134.42255942533001,272.51259398914402,548.93891490001499,712.35503658940604
72.503900000000002,397.26342683390101,155.83842650203701,285.97438335387898,575.94130652655303,752.39849160196604
73.003900000000002,435.214643603757,162.711323701482,305.91269119214797,599.19471552408697,781.54281181096201
73.503900000000002,454.20395119511198,183.38871316615101,330.50866222927601,634.55401121301804,818.85167234237394
74.003900000000002,487.957648760187,198.33509406072801,346.50790777563299,678.571269854457,873.89123568887305
74.503900000000002,515.38340260766404,212.307382695222,365.33657978621397,717.03201788187198,936.12493863813995
75.003900000000002,559.27412346165704,228.81790401881901,379.26540717745303,752.62067038537498,995.66722174558095
75.503900000000002,584.05380172152695,249.25828445687699,391.76551719864602,783.809882894309,1012.84493306591
76.003900000000002,611.01372689786297,268.11330545148098,411.19088805000501,817.16097382218402,1043.54505173602
76.503900000000002,624.52129320866197,270.480940919332,425.90549228385402,847.10167767657902,1079.2781699657901
77.003900000000002,649.322612306991,277.597488830288,440.39980931053202,883.05105052275701,1149.1238592970101
77.503900000000002,680.95243929988305,288.61911481202901,455.92085484067599,927.87190073292004,1182.1200885641899
78.003900000000002,714.53568985422999,277.58351776755597,460.810883499905,977.26473109742403,1226.2969734057699
78.503900000000002,696.88638073130096,265.66135759805297,467.72525191570099,1002.85323320193,1274.4321345477899
79.003900000000002,692.47752212043895,264.80715328978499,477.77670659632901,1021.46469162721,1314.8894671855401
79.503900000000002,685.22705353094102,275.66605083484302,478.63446713883201,1043.2470795761801,1344.53864821867
80.003900000000002,675.53060536077396,284.87379347820098,483.953454030155,1055.91677210645,1358.2246885187801
80.503900000000002,677.98066967877605,278.63976095036401,484.29761856533702,1068.0757017475401,1377.84757283514
81.003900000000002,659.93890169565498,274.95084660966199,476.37670952942602,1085.6726190311699,1397.9801077045499
81.503900000000002,668.49434936460602,272.09629480443999,478.12549410231202,1101.9536733264299,1420.14057036553
82.003900000000002,683.88606911290196,253.60202271619201,479.697237653326,1103.1351127338501,1437.78361165858
82.503900000000002,699.49088875053201,245.36163646609199,476.755063344924,1098.3153179373701,1429.2174355862401
83.003900000000002,680.79540873663495,250.839416884141,476.822571309088,1094.68766722553,1412.2908487003899
83.503900000000002,634.29657097234701,232.66872725439501,473.63397664113103,1065.7643213495601,1378.07683574465
84.003900000000002,623.451804338069,223.48780097315901,465.190090990746,1050.44976383472,1360.8481120474801
84.503900000000002,614.81011444365799,213.56736011981701,460.88606904476501,1044.88731232498,1338.6115726417399
85.003900000000002,619.42478891956796,196.10106749623,441.811053403833,1032.7407789389799,1344.9943401563701
85.503900000000002,629.71790643241604,199.56411370782001,435.96174000626303,1015.83372499865,1361.26410288841
86.003900000000002,611.62944287832204,202.849129727795,420.39222030457501,991.86746580009799,1346.30377025399
86.503900000000002,601.04088799497697,198.88187531761099,419.44598572926901,951.27899259066896,1309.6680821530999
87.003900000000002,574.14641277820294,198.176368214126,398.40766056307899,915.42867486838895,1290.35702100136
87.503900000000002,574.37236501994596,194.64661228460901,371.08013355871998,884.77675348409696,1256.5720278424101
88.003900000000002,558.55107882866105,145.33897100671501,353.945406686274,867.59768392588501,1273.62022092607
88.503900000000002,498.69704256463098,115.807077082807,338.79083194571899,854.83128493266702,1268.50171486001
89.003900000000002,477.50791451207698,103.721562508768,321.41334426412402,834.04155498918203,1234.2916559508501
89.503900000000002,455.56276416463999,112.880315137716,318.49405619115402,801.49693603935202,1179.8768158364201
90.003900000000002,450.16416841922398,136.27510155440601,316.91812027415602,777.23338511812801,1119.3868091622101
90.503900000000002,473.13265007920597,160.577746460085,316.54917360863499,757.32598879841805,1044.3445538814899
91.003900000000002,481.14834627851002,177.340076022061,319.31531848444502,728.15964016270004,977.07967051270396
91.503900000000002,479.47594064272698,188.326290070927,325.36121638055999,712.75011403533301,947.90989743211901
92.003900000000002,462.18508040796098,201.48531725720801,337.56530491460001,699.78896239257301,921.66667535657098
92.503900000000002,467.86430572906102,218.499917699035,358.71778419439102,696.25321244302199,893.14107952482698
93.003900000000002,496.02515809614903,253.20546028797099,388.63303525502999,700.774801189767,862.36738453908902
93.503900000000002,522.12570720450196,293.07586394595199,410.854108082403,714.743374356559,868.69241036866504
94.003900000000002,535.29880163704604,312.53355243250701,427.26116675989101,734.36099147275604,879.68312371158697
94.503900000000002,568.52320595110996,329.031918169199,439.667648297906,757.83857344088904,926.34287652434602
95.003900000000002,596.79765934374905,327.60897842136802,447.83993263770998,793.11879658612895,964.61015790524505
95.503900000000002,609.85509229435104,339.94721794003198,464.43860535846699,814.94362505296397,1014.80953226012
96.003900000000002,622.04847896426304,356.71432385950601,487.550670638128,851.76388574393502,1068.8370004871299
96.503900000000002,650.12639357873502,371.61513283889298,510.909261204335,892.86427672594698,1127.3842333419
97.003900000000002,691.82925014462398,379.82828405973601,536.01569756787796,936.49550241827103,1201.3024685312801
97.503900000000002,730.73728183380797,387.24629985689597,557.53306759991199,986.85935372407505,1246.5174283323099
98.003900000000002,777.34653435919904,390.98473288006699,578.98182638850801,1022.16675474266,1305.9165099753
98.503900000000002,814.97600893604795,405.87744278204701,603.90683073013599,1055.1833342795001,1322.6542394380299
99.003900000000002,805.79704362693701,453.25605965687203,634.11907615907501,1077.1691548706401,1332.98354112891
99.503900000000002,833.611163029914,492.10196956131301,670.84669740368099,1105.61808992035,1342.0285855189099
100.0039,862.05328248633896,529.025314296278,709.92634835110005,1129.7097619585199,1351.08929456587
100.5039,898.52676120041201,566.588519667269,738.74289815253098,1161.0757834184701,1364.6912647940901
101.0039,945.0117077781,589.26942456877805,767.70608398292802,1191.2855956424601,1371.4117831096401
101.5039,965.85722795784898,625.546298172109,790.21579928942504,1210.69580062007,1409.2442199576301
102.0039,986.65565228987896,652.84641448892103,813.96782286397502,1223.2434484825301,1402.43998474315
102.5039,1006.27442708828,682.30776484427599,827.02113385414202,1235.86875453068,1403.1376149596699
103.0039,1013.90514178668,700.80586649096006,846.51396446278,1243.6011786658,1399.67920331246
103.5039,1012.72103954432,689.34451526113696,855.85229596894101,1258.64934670505,1420.6886468105899
104.0039,1027.0499186769,679.80655995424002,855.19627666510905,1276.2996952108099,1441.04819512732
104.5039,1040.37423083919,680.47246971367395,854.21768745012002,1299.1752975654599,1477.69470350385
105.0039,1046.4733409063799,681.96860972009404,859.72412496319396,1308.00147448434,1494.9099888815499
105.5039,1019.64621508648,693.11006539592699,866.633025481093,1320.5293209604699,1516.0366381587301
106.0039,1037.4359654667201,693.116169234106,871.41938377422002,1333.1429167671599,1530.7794243978899
106.5039,1033.2460642747401,682.51105793249303,870.08159340304701,1351.1327291079101,1562.18819937748
107.0039,1028.1586864707399,672.54449611669895,868.71713848661398,1368.1690095665499,1590.82684836208
107.5039,1039.0665620097,661.49086753324696,857.69796298923097,1388.68728654868,1626.4195063945899
108.0039,1040.78811683257,668.04262281554202,858.632290706969,1402.33994982027,1646.39164451077
108.5039,1055.2828293090899,663.71853101521401,868.78721599525295,1410.58593741555,1650.6543489854801
109.0039,1058.7396627534099,681.72928784923897,872.85392398228601,1413.15809406989,1646.90324751754
109.5039,1069.7697267941801,697.54457319407004,880.48329314093201,1404.0240288047501,1636.46153878978
110.0039,1110.7774662418501,697.66771904167797,891.68317134911194,1398.8672604332901,1629.87448015358
110.5039,1112.3590426729099,698.69372815594204,890.46399722925605,1400.5848451546401,1651.26994919911
111.0039,1148.0738377217799,709.50073921524302,884.26251388996002,1401.3774567596399,1657.74260924443
111.5039,1171.6582115619799,697.87928724291203,885.98323475350298,1405.1278285384501,1669.77517182203
112.0039,1084.41973220812,705.30296811776896,893.91893525332603,1404.31696029976,1671.18942121909
112.5039,1095.61463332024,715.31369894612396,900.17598306153104,1402.6500205218899,1693.6722478495999
113.0039,1194.9087195565401,710.35855587102003,909.31428692621103,1403.2255710280999,1669.1025898588
113.5039,1207.5456137297001,725.85679971354898,930.53522425105098,1418.9670177947801,1642.3762000534
114.0039,1123.1497151902399,722.16929620769395,935.92556704402205,1435.4936151980401,1663.0625413242799
114.5039,1112.0246655482699,724.00039194946805,937.76952283347703,1448.9927490703401,1679.8608717511299
115.0039,1107.0865446898599,715.81607691839304,936.31254429933404,1450.8645096937501,1688.1993785202601
115.5039,1102.52476852514,712.14791478069299,936.63080144457501,1436.07192006233,1678.9666823227201
116.0039,1103.25172104222,716.13367231089603,936.37920282239099,1426.7585792858399,1669.2986177114699
116.5039,1093.39017556677,743.10438705360798,940.09370613949,1412.0771255235099,1632.40052977401
117.0039,1077.78770664287,754.59603588898801,940.91604071115,1395.1866240527399,1623.40235533077
117.5039,1155.0064441905499,758.88795115172604,941.32538450874404,1380.2831852065899,1611.8123722503001
118.0039,1132.4394768900399,751.74566604613699,934.43933391272697,1365.75797077422,1583.56081295028
118.5039,1109.5126803437699,751.66020999299894,927.02387874031501,1349.9090597162401,1572.7921510644501
119.0039,1085.0674173234299,747.02404518949004,919.33499154374704,1327.81654176866,1530.49947828822
119.5039,1065.4878781868499,759.65551158815197,909.911571075903,1291.2825122906299,1473.7263139883801
120.0039,1035.6630357409001,762.35620113944003,903.04810019815204,1252.2069114259,1425.70390776815
120.5039,1016.7271057473999,756.22303895914604,890.59958033352802,1222.13669315111,1371.1987405070799
121.0039,1004.4677590895,742.49773985165405,869.83512669995503,1198.4868099021501,1354.2807163597299
121.5039,990.69795756815097,725.31097100937097,854.82406359709103,1186.7493042711999,1338.1928330019
122.0039,983.18344642603699,705.71159855962196,832.46102652664797,1172.3118001896601,1324.3868030096801
122.5039,968.78400490955403,695.67940330649003,818.28341902934801,1150.80597057094,1311.4845336094299
123.0039,987.35919037500605,673.45709111803399,797.25917259490905,1137.4667214614999,1297.02671511792
123.5039,931.02941260392095,650.684624216815,773.93799893154801,1130.0263531825501,1298.41764940651
124.0039,878.83157959907396,609.73511890977397,736.58885350678895,1124.30436237561,1310.93632052516
124.5039,861.74325780829201,568.277312757603,709.29240951143402,1121.28423340891,1335.4434135786
125.0039,856.71524698525002,538.96420006635697,695.91650878431903,1115.19855830285,1324.1719035517201
125.5039,867.26078592610997,526.41454894232299,683.60167162474397,1106.6266945989601,1325.89697619861
126.0039,899.51720172161697,512.67821049280496,679.80153240317395,1096.8341698613101,1324.28456749067
126.5039,935.42709902403203,487.91868171756801,677.574607753809,1094.92745094456,1347.60496303388
127.0039,925.83926134491799,489.83191737615101,670.16988571496904,1107.0831161615299,1353.4371748547901
127.5039,856.05703523604802,467.70092103917898,660.88149316185195,1115.1510075230201,1368.5268646539
128.00389999999999,848.35034972847495,480.11616178829399,656.76980948434698,1124.31509206223,1380.08815681805
128.50389999999999,836.78413543011402,485.98680021518499,661.02150820985401,1133.2211846836301,1373.7740866086699
129.00389999999999,846.831561255059,491.07199394815501,670.61797635505502,1137.6759318489401,1372.52243707513
129.50389999999999,913.10753611562495,519.50841871243699,687.44035544388396,1148.30787698166,1371.82957878559
130.00389999999999,935.08918789529696,521.18440469222503,697.97978736769903,1158.4300402496599,1380.66099431679
130.50389999999999,950.57518137476302,516.37245886889002,705.63007842350498,1177.75722408346,1396.3334990373
131.00389999999999,906.94773790234399,495.43845763427402,707.59814299850996,1188.3770603862599,1425.29922727236
131.50389999999999,879.94469517406003,493.94165397208599,712.98162919333504,1204.3478824859701,1443.45318837062
132.00389999999999,886.47624746989902,501.59881358570999,724.10574247800696,1219.2396911547,1475.08461160407
132.50389999999999,892.12722260715304,505.10248098958999,733.10368012070705,1237.0643078604401,1503.02525896107
133.00389999999999,909.10465158596105,505.14763049213798,736.64506868428998,1263.6348019357899,1561.8686692045701
133.50389999999999,925.75079457691299,511.66146463881398,733.84220673166305,1271.9552171794101,1600.7777129764199
134.00389999999999,949.63831545795597,520.88078796190598,723.613239159101,1295.62888640867,1647.5171633831401
134.50389999999999,972.21753635533003,511.26882955190501,709.42040983023003,1318.4505547149099,1693.7927564194499
135.00389999999999,983.04021185295096,510.15261963021999,715.27416355200398,1318.5171124152801,1714.27925912039
135.50389999999999,993.36179286295499,528.451607285102,720.01700427990204,1308.1809840891101,1726.9406846238501
136.00389999999999,1003.5868911649,524.25914218109199,735.37076099922695,1293.8809212480501,1756.2996922331099
136.50389999999999,1024.4722041929299,531.45523963427104,732.54795405440802,1296.5743917623699,1733.0760201215501
137.00389999999999,1011.73204868934,527.23112192141298,746.07621471274399,1277.6371887368,1722.2251189512499
137.50389999999999,1014.20441085315,522.93798748735401,745.04358270287003,1269.1757008951099,1710.1200158459801
138.00389999999999,1007.19490179106,522.35974037831897,743.69793117313304,1260.9099356633899,1673.6703597916301
138.50389999999999,991.32689858087701,535.15106372461105,742.07331734699596,1231.23995238162,1613.9725893002001
139.00389999999999,947.70202736067097,549.57650849946401,741.70905544900404,1189.7008477010199,1519.20162203001
139.50389999999999,919.16944740953295,565.37893836386002,736.98632934008901,1151.3950595589999,1402.6699345105601
140.00389999999999,906.22990137709996,560.73389036788296,723.55776196515001,1110.6751923821701,1313.56238252961
140.50389999999999,890.39659140298704,562.91813123781697,704.89289870063999,1079.4590320617799,1249.5035138532
141.00389999999999,848.21047807556602,539.63471087210905,689.87494121313102,1044.9773685049699,1214.76160899605
141.50389999999999,841.34328800880598,529.02170459727699,679.70679091734098,1026.04582290745,1193.04827870443
142.00389999999999,831.85139629222704,522.39748076623403,660.912712864284,997.51627967545801,1161.22395236633
142.50389999999999,831.67584271727003,508.553132519641,632.925242166771,976.98426448600003,1147.6150264058101
143.00389999999999,738.70117416652704,491.11032520933702,611.23346120230804,965.75847763712295,1133.1500847011901
143.50389999999999,725.02636349107297,469.979985011292,584.86219285968195,954.13645971454696,1131.0819083797101
144.00389999999999,664.429111185637,439.58411910502599,557.19684141445396,948.95795570252403,1120.8345427006
144.50389999999999,651.09979709826098,422.71240243304698,538.80633099000499,939.87296756040996,1107.4818056234899
145.00389999999999,713.01307316678106,414.45681158602503,530.94934904816296,933.753969338106,1110.5956979154901
145.50389999999999,742.41073281318302,397.08253744852999,520.78591446041901,926.53784237022705,1119.8327351156299
146.00389999999999,766.99300776518999,381.21461239009699,512.66392820096996,932.95673106476704,1136.45211681812
146.50389999999999,754.85747151163696,361.19189622800701,508.72621439447198,946.8887666219,1182.3335472035999
147.00389999999999,745.99975845533402,340.76971038542098,499.84437037558098,954.47984011544304,1214.78922766901
147.50389999999999,737.92857708582198,328.65227796037698,502.39917424160598,960.81940909000502,1233.4684975881801
148.00389999999999,725.33155928421604,325.21892357502799,508.492074326877,973.42873985163806,1245.6249187806
148.50389999999999,717.12282422639601,346.18361383450099,517.75995397129395,993.49850875722404,1265.6798234123801
149.00389999999999,738.03428752642196,376.000798845698,540.45740885136001,1009.45569677011,1272.91358025503
149.50389999999999,717.24073495484595,398.71189865658403,560.99094349501297,1026.9513164283201,1306.29672446821
150.00389999999999,703.37616239407203,386.68394688068099,563.90328387934801,1057.2556243239801,1380.4506284786301
150.50389999999999,824.46714168567996,391.32074342359698,574.38788421284596,1085.8819477085899,1414.02479487285
151.00389999999999,834.45922936055103,382.23207810924401,579.56763522895596,1092.9212215931,1432.27648535956
151.50389999999999,799.59728111346305,386.41473124937198,583.76554631894601,1117.16888660887,1442.10792600121
152.00389999999999,812.24271029410102,393.18724886288697,575.77719932569005,1152.2337405850501,1458.7509442439
152.50389999999999,809.92260304801403,358.71924188173301,565.847447974283,1195.9166375703901,1506.7010793930499
153.00389999999999,815.45618506360802,327.25453533634902,568.31450592475903,1229.63944344838,1553.08424360762
153.50389999999999,827.92616482462597,297.85284678672298,559.63364474591503,1268.54625630277,1618.2280170167901
154.00389999999999,813.71856761115703,294.23425402728901,558.68340486422096,1295.3678477179701,1622.3349709641
154.50389999999999,807.17453631615501,277.83312776313198,551.51846587942896,1308.7335612669699,1657.8221281000999
155.00389999999999,794.32420978384596,250.68598918831,544.96087190410003,1310.00430408285,1673.1334912458599
155.50389999999999,756.05927301092595,192.31618799017201,519.77287804343803,1296.0261755044301,1706.9029325739
156.00389999999999,722.06664255642795,156.01387578892201,498.11823555575501,1284.1224049846001,1720.84680949022
156.50389999999999,897.27834083740004,141.69545170755899,485.82449427126301,1275.94860378715,1738.05061918413
157.00389999999999,858.13559394496997,149.04583643767899,478.83213268274801,1260.68748966762,1751.24420044666
157.50389999999999,835.77014062673504,157.07919660335099,479.44887971658198,1245.9923576393501,1745.75878678203
158.00389999999999,822.84143784236301,165.15231217264599,480.51995476688899,1234.7626265307399,1722.42879722363
158.50389999999999,814.66862207823499,201.15525989779999,486.78529096792602,1202.27355249635,1674.6649618253
159.00389999999999,797.34846632007202,223.29065770299701,494.438230789008,1169.6373239981201,1615.6217612503301
159.50389999999999,796.496068077161,230.65494459099301,506.73537967712701,1132.2725974242601,1577.0081602960699
160.00389999999999,795.33094259520499,257.91989667644799,519.98488669030996,1113.8849772748099,1536.1631692732501
160.50389999999999,782.89204186294,280.14019368346999,519.73402589692205,1110.6696150135599,1526.3074000849699
161.00389999999999,785.34753967512904,327.05944014682598,537.81769041926998,1103.63941913851,1484.4649968387
161.50389999999999,793.06217913385501,355.20411298733802,554.28331658536501,1105.9156644110201,1451.69095332243
162.00389999999999,775.16107131656304,407.973671720227,579.29517793114996,1111.04674886354,1421.61382892707
162.50389999999999,785.09139794419502,445.941514833344,620.03955972679296,1121.3561807563501,1379.7747999226899
163.00389999999999,771.40643311760505,484.03001131765302,653.73716376700895,1128.8737464774899,1347.40677364517
163.50389999999999,881.36376136029605,519.58420502412105,675.85629665485999,1135.2316874957901,1361.3984185965301
164.00389999999999,855.44591592248798,529.68324256220001,690.35695885823498,1142.7406271319901,1384.4635156069301
164.50389999999999,861.98562174980702,555.04374552894501,715.37765492382903,1156.3160316190899,1392.3566878316799
165.00389999999999,871.25270782950201,579.04305162486696,740.98854685584797,1156.62759012785,1389.3462737914499
165.50389999999999,877.20367666313996,614.58335505059904,773.16676523244701,1161.2225235764499,1388.3211460853299
166.00389999999999,895.89787828432202,658.85147039339199,803.70741981539902,1166.7209471106401,1375.6314503445799
166.50389999999999,929.98506042049405,692.50349865723501,821.56795368652502,1175.08732477168,1355.0226955497801
167.00389999999999,974.74975277456895,709.88419289138699,844.15416014759603,1186.8957137616901,1341.54878467821
167.50389999999999,1004.3195073788,717.86571144067398,856.26974696684499,1192.4605578912499,1344.4682835808201
168.00389999999999,1011.74360859644,735.24737974258699,874.77367710134797,1194.4276936005199,1337.67806204816
168.50389999999999,1029.6211198696001,748.07831361675699,887.36605852032994,1194.3677916448801,1323.73504383767
169.00389999999999,1045.27461702665,759.74499229696403,902.16632916749904,1190.16961976064,1329.4838722714101
169.50389999999999,1041.4143461021699,761.07526175262797,903.906790902902,1189.20828375254,1323.07028061661
170.00389999999999,1037.5170227736601,736.20703547661697,902.76429291167597,1198.95184559412,1350.18028679702
170.50389999999999,1029.0268917964299,739.55817380813096,895.21916500094198,1219.8379084395201,1384.0580319615899
171.00389999999999,1071.4020788067801,734.42827436892605,895.51287191124504,1231.68961067531,1413.7563199255501
171.50389999999999,1064.66620105025,720.60948623784202,887.67521537672303,1244.03437432744,1451.6223349320901
172.00389999999999,1048.0680655855699,696.83059061517997,873.60837504316896,1260.52792189925,1508.7741078587601
172.50389999999999,1043.9782871018899,650.98599870698501,854.27871652501995,1289.1636464029,1569.37538702951
173.00389999999999,1040.9736046211999,615.01351490966897,828.13253801679502,1312.5454144755499,1637.3326272188301
173.50389999999999,1027.6961830735099,582.26831707492101,808.45263401825605,1329.3851015687301,1718.1218432000201
174.00389999999999,1022.6296392205199,569.602275976089,792.86818642840797,1345.3573330530201,1783.87212883556
174.50389999999999,1018.11349839329,550.83309881790296,787.98591561120304,1356.3059802304001,1826.12880954958
175.00389999999999,1015.81537476086,545.45321736136202,772.69493973679698,1360.790405425,1848.3877019910699
175.50389999999999,1012.4887993800399,530.81527015387098,764.25079753491605,1364.9039137832899,1844.10494375026
176.00389999999999,1020.9405418647,518.83549462960502,754.68129310047402,1366.6901942776999,1833.67562280773
176.50389999999999,1015.72609690257,506.266544588145,747.75941567567304,1382.7961861026799,1856.57553265043
177.00389999999999,1008.41600269541,498.31631320315199,736.92192461738398,1374.69659434965,1892.12333702967
177.50389999999999,999.391025021053,501.16038363629298,727.15735555495303,1357.35923857235,1865.4367388410501
178.00389999999999,998.06717397470004,512.85084631672896,728.63167863531896,1341.61578721926,1849.54487157982
178.50389999999999,983.26040536776804,530.10388487677403,738.40297129919202,1315.9604755514599,1802.3945448613399
179.00389999999999,971.06359002553302,542.213420948558,747.30313767091104,1299.8400878991099,1749.05499432429
179.50389999999999,941.814009254236,529.92963307688001,742.09161037240494,1285.4693827357801,1713.5545458814099
180.00389999999999,909.49590130695003,542.58559895404005,739.29242485564305,1265.0885294996999,1748.00130529741
180.50389999999999,908.94241341393399,538.51541131489603,736.380123225234,1256.0386884181301,1699.7302392517799
181.00389999999999,912.62244244059798,547.157340546618,735.25894876268399,1241.64895264403,1639.3283763653001
181.50389999999999,926.37677023468905,553.231008714121,739.97542983724099,1229.5000813116201,1591.2014169040301
182.00389999999999,920.92427487289206,548.01653452421101,741.05321623733005,1210.2433786767201,1534.79401401942
182.50389999999999,921.05704679208895,558.478475502685,735.01493857144396,1185.3626977731501,1479.22000027175
183.00389999999999,895.84274118533904,550.33047581243704,722.97923063809105,1186.91626880276,1448.9559731321899
183.50389999999999,896.30993965356197,548.65602069079603,721.679835526793,1185.2496615510399,1478.0254828520799
184.00389999999999,923.146878939045,568.28267012173899,728.52998173963999,1190.5750005672301,1470.7720895581899
184.50389999999999,859.465839312875,593.265308999083,737.67305673769897,1184.50440821851,1499.7677832488901
185.00389999999999,956.90233224899998,607.53921857099601,749.64368269250997,1204.91014252779,1540.2450900041699
185.50389999999999,965.18404830016198,578.77153733599505,754.39215036563201,1242.2488620171,1579.12960239208
186.00389999999999,945.033474657537,567.27016880806298,751.883185928692,1289.3203258686101,1664.52336096877
186.50389999999999,950.25105277611704,542.96483495733003,743.57713705475396,1347.13898605077,1793.6019312885701
187.00389999999999,947.84598887566199,530.42990280070296,754.77040574704097,1393.98565770958,1884.93478218419
187.50389999999999,952.48439754513595,534.89067254172005,771.20531797654496,1431.42394064779,1987.1651054065401
188.00389999999999,972.14717307886394,551.79056977601704,796.78237051193105,1490.2447704903,2117.4195532273102
188.50389999999999,985.24105175621798,576.09550349877895,818.09658199498301,1589.76429363386,2225.47036599886
189.00389999999999,1005.1327267399899,555.42470714470005,838.00714856099205,1688.9225314231101,2356.7567488227801
189.50389999999999,1074.92667688345,561.74537114616601,844.56072800300205,1797.6561643479899,2513.56469461798
190.00389999999999,1111.6816623815,577.30492173923597,871.66991754619005,1884.7678373353201,2628.3803230298499
190.50389999999999,1156.6175292145399,624.87414615919499,908.11215146023301,1957.4562481976,2759.3522660655499
191.00389999999999,1196.7220893123199,666.93524685605803,954.964100215043,2008.9292727539,2812.9557159369901
191.50389999999999,1246.8859132589801,720.12762528629196,1022.31345430561,2060.04625069553,2861.1918772843701
192.00389999999999,1345.5432088054999,757.62827257570996,1073.8939391983899,2143.9450854640199,2918.24637566513
192.50389999999999,1436.2818301252601,781.14772303012398,1126.8493041157899,2233.7704942047199,2992.3933486792698
193.00389999999999,1466.4512211199799,810.42800152765199,1172.35747572221,2301.1459582357802,3045.3350478501702
193.50389999999999,1449.81984218456,833.90220658086696,1218.2442465061799,2355.2552120144201,3073.03835212078
194.00389999999999,1740.7591532612801,882.85273112988602,1254.19540431322,2399.2262240477598,3071.1736006914498
194.50389999999999,1769.7716406074101,926.93150208117004,1301.2723816441701,2402.8548669759002,3022.1498400932201
195.00389999999999,1796.5676476925601,990.87535618282698,1340.6081711260799,2362.86906997088,2914.1953031232501
195.50389999999999,1800.1090841267001,1050.7841931467301,1369.51170287844,2368.1487006017001,2849.58002702362
196.00389999999999,1783.7420182462199,1068.39614754273,1387.90152708765,2345.1541823032499,2767.1831534271
196.50389999999999,1772.46892518038,1104.1749918535099,1411.4744058440299,2331.5625985694601,2734.4285787487202
197.00389999999999,1768.3646618981199,1110.68317539488,1423.9250903744701,2316.5044109728901,2727.5461462808998
197.50389999999999,1770.4168728413899,1129.1252453790401,1444.3413536042699,2296.3084319689901,2672.2687574287602
198.00389999999999,1767.6755177409,1158.8249120662099,1458.7995318380399,2256.78246708702,2582.5548392683299
198.50389999999999,1768.01458342467,1190.27212174222,1456.8560828845,2192.1815440565301,2499.0236481595098
199.00389999999999,1725.1745205567399,1161.60502293422,1443.47324373638,2152.4553978833901,2442.6694763363698
199.50389999999999,1731.4812844543001,1150.12784958203,1413.0765065375001,2117.6784627592901,2430.0505287221099
200.00389999999999,1732.5595948474099,1151.2169806854999,1389.10994542966,2085.7680380085399,2401.1466561325201
200.50389999999999,1730.6037633017299,1139.72299404825,1375.0851809292201,2063.1918638428501,2393.5174796879601
201.00389999999999,1723.9230346652901,1148.1326542941299,1370.5376956948,2028.39768824985,2356.1503415133602
201.50389999999999,1732.22375728457,1137.7513488406501,1363.04742452396,1993.03339323504,2291.2099143635301
202.00389999999999,1689.5127497440899,1146.14235139989,1343.4717034484499,1948.82486968479,2240.98048456985
202.50389999999999,1550.9403526762301,1120.9255037156499,1327.4397617163199,1914.06458902189,2220.9264457471199
203.00389999999999,1521.1826719563301,1096.0718843294101,1297.1838853756001,1895.5747748322201,2172.93684617396
203.50389999999999,1602.6095603050301,1076.42218753059,1276.1670348314301,1862.66458282484,2140.6919002776599
204.00389999999999,1583.00606860875,1063.5174143525101,1255.43847661523,1832.0326357400299,2088.8004401639
204.50389999999999,1545.19403682755,1023.82034574317,1236.29539208508,1790.20501711575,2053.8076877378398
205.00389999999999,1492.67691387743,988.23866064519598,1209.17970513107,1760.9209695827999,1993.5454077515101
205.50389999999999,1461.27220276208,953.65631076812394,1183.83754568169,1725.13003956484,1952.5342617301801
206.00389999999999,1543.6652068359799,919.86485071549998,1154.6660713743399,1692.5666850775001,1921.06911141617
206.50389999999999,1540.9580033679299,901.12325204119998,1124.4886053764701,1673.1157845426201,1898.2320137977899
207.00389999999999,1505.0298717051501,878.938880992907,1096.45292859547,1649.4708208968,1878.9879506683801
207.50389999999999,1437.9471837081001,871.69903434333298,1076.58052845323,1618.32368113086,1854.54159132681
208.00389999999999,1368.29591363438,849.24087348784599,1050.2304394200801,1593.22423481992,1834.17635156133
208.50389999999999,1348.81998607281,832.22862747073202,1031.49306194531,1565.2876462409899,1818.1063454059499
209.00389999999999,1277.8687144273399,797.27478529243103,999.00763008870797,1543.6583208746599,1820.7243700235699
209.50389999999999,1240.4295648068501,784.18309235491802,979.73400326153399,1531.1685636930499,1802.6680596572701
210.00389999999999,1206.60008526403,785.49542282130301,969.54153684436596,1522.9753573650601,1792.1632648938401
210.50389999999999,1197.13832795955,783.031782373939,960.61940568876503,1504.5980965282699,1765.10677135219
211.00389999999999,1178.3925279810901,789.10852507835705,964.24608622207802,1500.9120834528301,1725.55183459415
211.50389999999999,1170.6830685216601,778.82776843591205,970.6622483315,1492.6461996294199,1721.9974477711601
212.00389999999999,1172.9149683857099,776.06852964425298,961.15189248571801,1494.12000212415,1722.13294074025
212.50389999999999,1223.64561827906,782.28319572668795,951.70308134073002,1504.09598191635,1729.92960890479
213.00389999999999,1231.6233724235999,774.67187602623198,948.45246955663401,1519.3306106929101,1745.0741344764699
213.50389999999999,1210.8599393234999,780.257698456144,960.28635242307098,1545.77696379329,1767.0749903897399
214.00389999999999,1207.7875356667801,819.618484736612,981.77064756231698,1559.1895062281901,1763.3321606433201
214.50389999999999,1324.3103243334399,835.96205713313304,1015.65377655253,1580.20890675341,1786.69866444796
215.00389999999999,1339.32359857457,846.09586676269305,1035.4027799848,1616.22279231989,1821.2044594536701
215.50389999999999,1361.9861517161,851.61086568326505,1054.43196916129,1654.01865157877,1899.8044178180801
216.00389999999999,1381.1581197134501,860.06519297713601,1077.21371447408,1695.1604233057101,1967.0805588513899
216.50389999999999,1406.3880290996101,862.93583036722998,1101.4570593803901,1732.4443780039901,2019.79313298225
217.00389999999999,1439.63293132801,878.80450690672899,1131.41132364389,1758.1060224105099,2083.9353753997402
217.50389999999999,1450.9557939916201,925.99675160524203,1161.60718877666,1787.7651413674,2115.52222326541
218.00389999999999,1501.0399896843501,964.37957588269103,1190.1499980896299,1843.2903444549399,2199.6704752702299
218.50389999999999,1531.7632956673599,989.70188919259897,1229.06310788767,1897.74550605682,2244.3824583390901
219.00389999999999,1552.39745776889,1011.01750827481,1237.77040575759,1959.10304368835,2272.1573628480201
219.50389999999999,1589.29812671535,1016.1593673999701,1243.97331085672,2023.40955157915,2375.0131870884602
220.00389999999999,1599.2923896863299,1032.5627609983601,1278.65964020409,2081.0348790539501,2446.3004056766099
220.50389999999999,1614.51163676741,1026.2105293085899,1315.3022237222399,2120.76098951824,2498.1050492752602
221.00389999999999,1660.2310913868901,1038.6493880150099,1345.9359123110901,2174.1999350462902,2540.79480885161
221.50389999999999,1702.5412820680399,1085.64939251138,1397.4611582012101,2225.4558434066898,2617.7606176013501
222.00389999999999,1776.1309180104799,1113.00144925677,1430.0369764178899,2288.12083881541,2691.2867215101901
222.50389999999999,1818.96739321631,1140.7777886032,1458.8172121622499,2336.76464476717,2771.8524868008999
223.00389999999999,1854.48989324946,1137.3576296702599,1480.5028757566899,2394.8333041987798,2834.9708438099201
223.50389999999999,1911.95085814616,1152.1907010913901,1498.5165649358501,2428.0498524163099,2863.2338300182701
224.00389999999999,1955.2541931578401,1186.24715738855,1525.3624338879499,2436.79438889937,2850.0769335391801
224.50389999999999,2047.5907999379899,1192.7291141112801,1532.4849981894699,2475.2766265088198,2869.4141295498598
225.00389999999999,2131.9228430773401,1226.86683807751,1552.9511257732599,2507.3099336833202,2909.24772912039
225.50389999999999,2111.6810704407999,1203.7058702832801,1552.63546202574,2541.5498535219199,2955.1710901127099
226.00389999999999,2073.1972422200502,1198.2714782584301,1542.5438323498599,2561.44422842834,2995.1648608615001
226.50389999999999,2062.8011199858202,1187.1672621566299,1538.6639832455,2575.3481967903499,3028.9535336224799
227.00389999999999,2059.0367487907702,1185.58320209762,1537.0050674290101,2572.8992911538198,3016.5843906135901
227.50389999999999,2051.56778903232,1173.58703134691,1521.6026421471799,2515.32911483628,2992.9392695860402
228.00389999999999,2082.9093018120102,1165.9225487440101,1500.7817918370899,2467.6316508381701,2976.6650471673202
228.50389999999999,2023.9356141150599,1159.3252085834299,1459.5748201716101,2414.3371013094002,2919.55944212754
229.00389999999999,1989.5087498867199,1127.31523357227,1414.9767781969999,2383.14757080248,2839.7580863274002
229.50389999999999,1975.2307400151001,1075.87700331728,1372.49127731468,2340.3624992185801,2823.8720327719702
230.00389999999999,1938.9827757130199,1042.73025366772,1347.8812802427501,2296.4675426078402,2774.5214540123302
230.50389999999999,1892.21874647294,1048.7973090038799,1331.3868218580401,2225.7212716429299,2721.5630380253601
231.00389999999999,1767.46082708783,1026.95691787691,1326.16087669082,2181.74613423852,2668.4993857323698
231.50389999999999,1662.8279848938901,984.42139884831499,1312.9792611682999,2151.2663725929001,2623.1485708291302
232.00389999999999,1613.5195784463201,950.104428942504,1266.7335093920999,2101.6869424897,2592.5052144040501
232.50389999999999,1624.3224653755401,889.70462516230396,1206.3430050716099,2080.5546743935702,2588.60174453845
233.00389999999999,1518.2652433757601,836.55573053570004,1138.78241596107,2076.7823061388499,2589.3730598902898
233.50389999999999,1495.34081371819,770.80054498223205,1081.6811845925299,2038.1472454564,2572.9513012182902
234.00389999999999,1478.4701391521101,702.03288263021796,1028.2191183253501,2013.86562585559,2580.49813958191
234.50389999999999,1447.14829558615,663.76097676537495,972.63239309037101,1984.0867321681201,2625.9446866396702
235.00389999999999,1398.8016801547701,590.92654877502196,894.508925733463,2005.37578401268,2678.78855976964
235.50389999999999,1352.40549359804,540.80006363598102,819.25224997191401,1999.55354641649,2709.7148294372901
236.00389999999999,1300.8429684273499,464.01170952319001,772.88219087543405,1991.4626104143799,2743.9224021129999
236.50389999999999,1248.86624233985,388.83475202115699,720.17518441013306,1963.3500806545001,2721.2557437638998
237.00389999999999,1210.0323144430899,339.536205151601,661.957011846603,1935.0655600960299,2650.35837462788
237.50389999999999,1205.6503177459699,297.94883704555099,615.230467251101,1868.1882818855299,2582.56790783735
238.00389999999999,1204.7615936786599,277.29003509971898,558.50728413090496,1779.3103550055,2514.91791517714
238.50389999999999,1167.29068722536,238.12567467265799,518.13266346976297,1746.17722164518,2463.37683395971
239.00389999999999,1110.0605322136901,204.06260491500501,469.19453345531298,1695.69738718491,2446.8617826007398
239.50389999999999,1033.58882466759,175.94415361586499,422.40155920542901,1619.1817504072801,2349.3369867933002
240.00389999999999,532.66210773779403,143.28771745468299,390.742657730487,1517.22639211654,2229.5967219225399
240.50389999999999,528.96381846915301,130.294141249131,356.969394322364,1411.06061751177,2068.4988073035802
241.00389999999999,532.53595768902596,128.13134331977901,331.62929635115103,1299.2423232731801,1903.2832784611501
241.50389999999999,519.86726183656003,127.689283720395,306.08617571108903,1193.0714603326101,1774.74068457525
242.00389999999999,491.71626180479399,101.2181481316,288.68518100461699,1096.6446974676101,1644.3388307425701
242.50389999999999,424.20040434537998,69.488990394742999,267.756612573307,1005.53888196197,1494.30778170229
243.00389999999999,388.87841205066002,61.584844479663403,250.53942274568999,936.49012517336496,1441.68425860566
243.50389999999999,400.12463627940201,76.163286689102407,249.14981681114199,887.76379007000503,1350.76367449386
244.00389999999999,424.24540448180801,85.548426298592304,243.88225529745901,847.19387514131699,1277.56867694313
244.50389999999999,417.99126460104401,91.790430905830306,246.47231258311501,787.35718517221505,1187.8384283805401
245.00389999999999,420.96461120637798,68.516899009181699,245.414850828325,773.10862298746497,1152.2496375706901
245.50389999999999,414.96726323632299,38.512003594064602,233.06828902273901,789.55551840850205,1146.7498198698399
246.00389999999999,429.51364862217002,9.8490934137169397,227.000264139888,812.60656258501399,1136.3468325167401
246.50389999999999,451.45374424215299,1.0814480089837699,224.19501802574499,856.87094437497103,1144.0473683463199
247.00389999999999,490.72794582914298,-17.840222665869302,231.32159596343499,900.573264650895,1192.99836686509
247.50389999999999,550.55320347582904,-4.2527919619172403,259.30404346703801,956.17041120224997,1295.4253766306899
248.00389999999999,615.48736432675003,-21.240356091848799,286.46037543991798,1033.8094798612301,1409.6095210593101
248.50389999999999,668.762772653139,-33.995114097771001,306.47275491532201,1102.65919034024,1491.7340591497
249.00389999999999,691.13915188556098,-32.586915915331097,326.07894189519698,1167.7562823429701,1592.9009821867601
249.50389999999999,738.90700060586198,-22.340447912612401,345.67678123022802,1215.1277857985599,1635.85209252655
250.00389999999999,772.37824511682697,2.5854163125162102,365.21196894529402,1248.6946707669499,1668.20497267932
250.50389999999999,769.71157060749999,20.6142707575125,397.27935495141298,1283.43036710603,1693.6192477506499
251.00389999999999,825.96525505153602,37.7027475900775,419.58257163969802,1329.4580540454799,1730.10065428039
251.50389999999999,856.75404379280894,30.888308995227298,443.39939293498202,1378.5069088528901,1754.5014513834701
252.00389999999999,878.73923289213099,41.195848648117398,461.74720617879098,1420.36120338312,1789.9995452824
252.50389999999999,871.55565992492404,64.367166334335295,466.73672549000901,1429.5240896553,1839.2131872273601
253.00389999999999,856.32443239901897,83.046001631054907,461.01089981203802,1428.28546223232,1824.7903383728501
253.50389999999999,865.39059124590904,74.205627660806698,457.74426809147599,1402.08243540748,1823.6130831963401
254.00389999999999,868.95520527982399,71.521788237507707,455.63873816231001,1381.5217664342199,1763.61738925174
254.50389999999999,856.25138932882305,44.354350437988899,433.03000658916801,1327.1867797371799,1715.23382341569
255.00389999999999,849.85236155014104,22.557191076567101,420.20931382872101,1300.542004224,1680.7723282386501
255.50389999999999,844.33564560724005,8.4264180428064996,397.56324804504698,1269.25763348649,1657.02300805754
256.00389999999999,810.89938085076096,-19.430508676748701,365.54985395630001,1233.7640089951799,1619.92632957296
256.50389999999999,778.23783397283398,-41.6602112211026,347.34136867254898,1178.34757749442,1550.92036812686
257.00389999999999,727.601751626539,-48.4845019929909,315.69355871017399,1115.0725730587801,1466.6631350574701
257.50389999999999,677.85201989145105,-40.653617618283803,274.54533907598898,1040.70120953992,1386.85393888715
258.00389999999999,637.30545969061097,-54.761790805824901,245.43484423708799,977.51235085919996,1294.65518883959
258.50389999999999,610.68709470578494,-57.825626496305603,217.16415229629399,909.74637531892097,1221.10781770375
259.00389999999999,580.34397769621296,-75.044874844905195,203.91145745004999,858.38981320607195,1159.67683366695
259.50389999999999,562.03599438195704,-85.734706172880195,188.944580734737,821.52804272290905,1119.8087625696101
260.00389999999999,535.64134305685195,-98.866121241652493,174.23807152162999,788.70643824106401,1071.68885930492
260.50389999999999,495.654028838508,-76.988642722809502,177.120174419298,748.78441546227498,1006.07244834497
261.00389999999999,461.02647586987501,-61.090511667309201,166.751962732403,711.71805801632104,1010.41685222274
261.50389999999999,409.90504036666698,-76.125879543517698,152.07208446808701,689.94796953255297,1011.73400531356
262.00389999999999,373.08453764126898,-84.494125271507698,139.009876774302,670.29502322400401,1003.74679405651
262.50389999999999,352.01959222896602,-89.767144822282603,124.087223680349,656.64134182655698,1008.22338288667
263.00389999999999,344.76866811193003,-83.051730914935405,122.840444793773,652.94990753413697,1015.9130863621
263.50389999999999,349.699223961808,-70.322005127527802,130.58535762570801,655.04164383338798,1029.96306083225
264.00389999999999,356.78246101914999,-68.518149561981701,134.21710880733301,650.101109537865,1027.3763835837301
264.50389999999999,340.11421884503898,-57.994307889267297,134.49530516733299,650.81939074430795,1071.6705865367401
265.00389999999999,320.40508904536398,-40.478728022941397,142.16234451633801,649.71606403834699,1082.3805738081001
265.50389999999999,322.43696290918098,-33.132182238677501,145.98915847518001,643.095416187002,1086.9986724498899
266.00389999999999,321.18519243345901,-21.763663700599299,154.51265019799499,633.35889354608605,1063.2352958502299
266.50389999999999,316.96669365543403,-2.7622544454932001,158.92713786954801,620.90840285554998,1019.9395013011
267.00389999999999,308.79613038657101,3.0689986291767402,162.16743101246101,598.00846571169404,971.32376058550005
267.50389999999999,306.94547552179199,20.9428121846612,167.887144417255,584.52183460341905,914.37711374961305
268.00389999999999,301.88165779489702,36.1854185652006,175.961560889319,582.14953381656903,872.69065014360797
268.50389999999999,300.74702919164503,46.454862545017299,176.00950985237699,566.839808519391,820.39173354693298
269.00389999999999,325.45020898982102,48.633565975310702,187.03566180677501,553.53972841740404,793.64994638359599
269.50389999999999,331.27779257075201,58.669731151177103,196.33391485783,551.92480867311394,771.31305741682002
270.00389999999999,325.10718900062699,84.706685145236307,208.519394811159,550.62522363996595,760.27934670702803
270.50389999999999,351.08571851272399,118.20722177143701,225.795189647337,552.93129752624202,734.61012821820702
271.00389999999999,337.60915109422399,132.396528228313,241.57915410935399,561.92794982749899,732.04023234288297
271.50389999999999,358.777580811208,146.57586638072999,253.58431271540201,578.86008428016203,735.53041013399297
272.00389999999999,389.79158605720301,152.86576214674,260.72894674931803,599.937289398046,745.29966431006096
272.50389999999999,417.23509496208902,159.844673899947,267.816186810136,615.98212585930503,765.13919225505299
273.00389999999999,443.76585811922303,162.18892781039099,275.874879969571,634.04580742752501,791.51665678819904
273.50389999999999,432.284805337921,181.28505879041899,294.60443590061402,652.07819164217597,809.09610549560603
274.00389999999999,525.87370277986497,198.47194602791799,314.21974989367601,686.75031394584903,838.78650985218906
274.50389999999999,543.86542077186198,203.48520833084601,332.04911535513099,722.20234094430805,883.14054317616603
275.00389999999999,555.96833926196405,211.12910796486901,341.55754578160298,759.47751411202603,915.25194995673201
275.50389999999999,551.32069247349,221.71339361337999,358.22568482583802,787.12469729246095,941.31711495647596
276.00389999999999,560.26364283528699,232.18524259827299,370.81413815631902,806.36532290142998,969.51548206389202
276.50389999999999,571.30755698911696,253.99904333273,389.60546638107098,821.43129565742697,972.99866297705296
277.00389999999999,583.05511839577503,271.048120083524,411.82168913868702,819.179096779362,1003.47106675875
277.50389999999999,591.36473023741701,300.65654145156498,423.21465894614198,830.01966583342301,1024.5715656585
278.00389999999999,611.66473174526197,315.55942216958402,429.56172731006001,846.48899811879903,1036.8716821574801
278.50389999999999,636.81823090644298,321.66373799214898,440.55086920236499,865.10503175865995,1044.3676055194601
279.00389999999999,665.82597799574296,332.48221586442202,457.87776051050702,879.35218572344104,1056.86224168169
279.50389999999999,681.57535494579201,339.71857871599502,465.97564919319097,879.70708229573097,1070.6886049239299
280.00389999999999,690.31051999159502,350.57061872637399,480.61611609536197,879.24961284499102,1071.8765972282599
280.50389999999999,675.828001104686,360.74690234654202,482.31128403841097,868.60059076983396,1058.33984386721
281.00389999999999,651.43794451754002,360.56641552027298,484.83982670773401,862.539554583891,1056.8982883029801
281.50389999999999,633.54009677572799,338.51961470798398,477.90744075477602,867.83141391522304,1049.0178297531399
282.00389999999999,625.92071660762497,335.37276119164801,471.96405065025402,870.89245700147603,1063.02042445095
282.50389999999999,616.27017763875699,344.524396341976,477.83993280738599,868.85701345639995,1055.20333549772
283.00389999999999,610.59828638864201,349.49993404526498,476.26798824992102,861.65274114807403,1075.0339756093899
283.50389999999999,612.56287313858502,356.96755979451302,481.38812263821501,855.05056687830495,1067.4130394634601
284.00389999999999,610.79272765898497,360.11539107186098,480.86689905749699,847.613757512142,1090.70482100496
284.50389999999999,591.40134588106196,345.50823454656398,474.98440432444301,842.54966425440705,1086.12763185112
285.00389999999999,596.59901663031405,327.10969008677102,467.83260567359002,846.69369355553397,1071.9682951674699
285.50389999999999,639.35390336607804,315.65817288899501,461.665782945552,837.43200418473702,1082.1714979312601
286.00389999999999,642.91049072178703,319.23907019381699,457.41512776045698,835.81793001788697,1080.62060797354
286.50389999999999,638.80775329225105,325.55300686142999,452.39494276517303,829.81204491985204,1056.9049388518599
287.00389999999999,616.90503968318603,346.34485170278401,446.77304240008903,817.51003876398102,1028.5028877518901
287.50389999999999,565.920213690168,328.07121210478198,446.46001843129801,819.214309852425,1009.25303848062
288.00389999999999,562.52140446070405,323.70408629725102,433.48442236647003,814.34050934625998,1000.26176804692
288.50389999999999,562.75383695459402,304.14459872581898,421.59643620931399,804.83843696838699,1002.45432160426
289.00389999999999,555.51610165636396,296.37483496714401,410.10098926202699,798.59481714778099,981.19025364385095
289.50389999999999,547.89772812604201,287.44630564766697,401.63713651017002,786.99603579241295,967.83463689139501
290.00389999999999,545.09250695950595,281.59689316971998,393.41367945756502,769.78655354209195,962.9672415993
290.50389999999999,563.60899591106204,279.14655375084902,380.11000107090001,751.52684885943404,962.41409769565303
291.00389999999999,549.53625675247497,251.74875972461999,370.28345203362102,745.29401430612995,976.10037223220297
291.50389999999999,527.59256080806597,225.97943319106801,357.383521049379,739.80390596351106,968.88999185813805
292.00389999999999,518.38921448479596,206.78579502533299,337.61426595030002,736.95810978714997,963.97920578945605
292.50389999999999,499.23803141284702,194.52688835768799,324.666519673658,725.86953522454905,970.737577489773
293.00389999999999,479.79608192106002,195.61511907816899,317.49949370159601,713.09514594456198,947.93680383017499
293.50389999999999,491.52464319913298,175.232455780462,309.743110331124,702.18953292288904,940.02825698186302
294.00389999999999,436.07517926787898,165.23956041268801,300.54307631426201,687.28953572710395,940.079825106562
294.50389999999999,414.42729801675301,143.56742961329201,286.54463113962601,675.15396809354002,917.39041373908401
295.00389999999999,404.64544755329598,119.102906860649,277.63489841292102,668.84423145352901,926.47973986572401
295.50389999999999,396.43741492146199,107.46027025132,270.69853310022802,660.805792437219,943.36123858533597
296.00389999999999,399.84182983234399,107.336311235018,268.00951098547,658.76727133850397,948.69435512271298
296.50389999999999,443.738315512908,120.160477171137,264.86358815190903,643.98335140067502,953.46073328551097
297.00389999999999,444.69993824111998,127.863810224847,265.50009415729198,629.91215041235398,957.03509750994499
297.50389999999999,454.51988257711798,125.563396970501,256.51188210906201,625.72511510360596,963.64197120101801
298.00389999999999,458.31499426295602,108.14761846101,255.31169170296999,629.34144104304801,960.93862847145601
298.50389999999999,453.17440119429699,95.806322044481902,254.76864455002999,631.00580984683597,957.67577416361303
299.00389999999999,451.66110301631397,93.644446378081298,254.31136978028701,637.37501420905198,930.87467619522602
299.50389999999999,386.74130379317802,100.178915852828,256.370725716121,637.74671373880597,897.51442859062502
300.00389999999999,408.81757858078601,110.65145771966201,266.72159230107201,636.94523239760804,862.18540625708897
300.50389999999999,380.44000860457999,119.95894977507901,267.67795855158499,635.47874964132598,854.20414218618703
301.00389999999999,383.28339109235998,133.30300879532101,265.63476415327801,648.79723497665702,847.42869973320001
301.50389999999999,399.46364448393598,138.40998174287401,263.62906572852199,654.99836077325494,845.55539287653096
302.00389999999999,415.96813425075402,134.72124167320399,263.460424202198,650.09779269978196,825.67863477211199
302.50389999999999,407.48370773834301,128.37046251967601,258.81779461337499,641.02164385778701,808.26428557638701
303.00389999999999,400.31107620301901,138.062150683097,262.97618336114402,635.11552300867299,806.72256394146598
303.50389999999999,388.03287419562599,138.33698657692901,261.76029551547401,625.91427608308197,812.35143304009102
304.00389999999999,370.4938609518,127.479374903891,259.22272389551,632.00585505135098,841.26511643436197
304.50389999999999,356.02569900112201,115.881301656693,251.64614687255599,639.39794853739795,833.30505411828597
305.00389999999999,352.45719920623998,96.155483317433806,246.14564201601399,646.638172142651,844.53313463280904
305.50389999999999,359.44806672269499,99.273761378140904,236.39694794598,638.47152595701004,839.93483179907105
306.00389999999999,365.00174926659201,89.223133484816898,234.36583270422801,630.981511407472,820.35690991602098
306.50389999999999,374.69421743701901,98.926185825521102,235.369249076926,614.11113117295304,811.14759583233797
307.00389999999999,377.01187700417597,105.12534729622,229.89783225932999,595.015103683098,794.07527535066401
307.50389999999999,360.057276514497,102.51571399816601,223.454603068647,582.29108202729503,785.85273275967904
308.00389999999999,342.733567460681,109.06940889274399,217.960261777889,572.627287219354,770.03914709113099
308.50389999999999,333.00551171867102,108.963873015945,213.85336943363299,565.25461976101997,750.55174167102496
309.00389999999999,335.514302933713,119.894686980971,216.57420936527001,546.28857446165296,715.85782974455503
309.50389999999999,356.02227803847501,129.702068474821,223.56930079412001,520.41185908818397,681.01267066935304
310.00389999999999,351.731558597532,138.84485827769501,230.97129958002901,499.03576634900298,636.69481999833101
310.50389999999999,349.06758056011199,151.57702873724401,238.10690039123901,474.82516014752002,595.87399204718201
311.00389999999999,338.07342502198901,164.10921630969699,239.87876620212199,460.58059035609301,566.37171803118099
311.50389999999999,338.39238017389903,165.16506902342999,240.671114563386,450.26454947938601,553.94887610721105
312.00389999999999,341.09372118190498,177.37621086243701,239.78126159586699,440.38155523771201,545.449090437157
312.50389999999999,336.21600014021499,184.24821723593399,244.632133106515,426.87136141752802,527.14059688184295
313.00389999999999,329.21530881274299,201.63488764534799,249.860263507372,418.56671490085699,500.08263559546998
313.50389999999999,320.63713048713998,201.91427197066099,256.43375614457102,409.46860129136797,471.87905657985698
314.00389999999999,319.46015187405601,202.31094545542101,258.747384432822,404.99206446185599,461.33453525572997
314.50389999999999,326.79646129529499,201.55029440131301,259.93307573048202,399.89040115612403,457.44931741996299
315.00389999999999,328.59026628055199,199.22918286020899,260.77800595195203,398.85577861099802,458.44839034585698
315.50389999999999,329.93695252783402,195.87829502687401,262.701473024243,400.23897215779903,456.27124034350197
316.00389999999999,335.44698336026499,189.26207336989501,261.92272331202503,404.49327979518603,468.70830641058001
316.50389999999999,335.97596979896502,186.004960593736,261.59910501513502,409.21811941975199,484.300551677925
317.00389999999999,355.25416508497199,175.05896285612801,256.61211153201299,419.10360788653998,496.88026136782599
317.50389999999999,351.24629043784898,166.27796102252199,250.54606816338,429.580471080449,518.09648141903494
318.00389999999999,341.63345924269299,151.22001077569499,243.60063043340401,441.22927462274498,537.68482977368706
318.50389999999999,330.38917345773899,145.64674039268101,238.00648502026201,444.99847562109397,546.03395072723004
319.00389999999999,325.73593904486302,133.432817158982,236.45006717749499,450.68593972978999,554.16046837899
319.50389999999999,332.50495297641697,132.153256972089,232.511729324134,455.08122370304699,567.06085566496699
320.00389999999999,336.78175135773103,115.398781063835,233.64830609921901,465.56283906098702,587.14863486327204
320.50389999999999,337.85983325038399,102.44881058643401,227.41020011355201,473.62492315878598,605.33951626661894
321.00389999999999,340.62672639697098,96.921126989116303,221.90512184857801,479.384245057665,614.30464299782705
321.50389999999999,337.343456352293,94.577887845667306,217.67853697667201,482.507818206666,618.06918826749302
322.00389999999999,331.152499196848,100.400623781194,215.90649427245401,483.30024479942801,620.90694027561301
322.50389999999999,324.96167465773101,101.250078159056,211.350601333128,484.46907836681203,611.67282151442998
323.00389999999999,333.28994742879502,106.569343809522,209.468579287041,481.80736760166201,592.38486518868694
323.50389999999999,360.13433422442603,102.923352080513,208.30307887366999,474.63583919126501,584.91313969133398
324.00389999999999,355.60727199411798,96.937269167092097,206.42726462012499,468.54113466702699,575.60383754613304
324.50389999999999,343.07931851911002,92.381166889628005,199.484947979282,456.89967410723898,581.47780012806595
325.00389999999999,339.43523394898398,85.825589471300702,196.98417551054399,453.59201393928703,583.775616055662
325.50389999999999,347.44241234713297,82.091243912651606,193.57179199993999,446.28817215368701,569.50927925120402
326.00389999999999,352.07489114821402,84.622438353138605,189.83012464305099,439.706233790748,563.61552787180597
326.50389999999999,347.33432347229001,83.108819533426001,182.39998947568901,433.03393321889001,558.12019050607398
327.00389999999999,316.51507716612099,75.963453379209696,174.126303869315,432.02349844788398,549.13686774903704
327.50389999999999,306.48739749823301,67.832544177662996,170.048741762855,432.796831164043,556.08459221919998
328.00389999999999,303.27405536316797,54.814651352970401,157.261584416403,435.07622873504903,558.75558552471796
328.50389999999999,298.40244811949901,45.8588408707298,151.06178991507599,430.55017716064998,567.44119298325904
329.00389999999999,291.54789669473098,38.917815593984201,146.604126476261,428.95971339022498,570.75995875625301
329.50389999999999,275.44701962996299,26.502490518784299,143.12332050365299,428.64242387781701,573.79995143154497
330.00389999999999,260.02052490770899,16.383650223557801,131.041032771956,428.41764160534399,572.89043487480296
330.50389999999999,296.54211093484599,0.96416652689242599,123.000785064949,426.30126282155601,577.82609921420396
331.00389999999999,296.24847169579402,-19.0861038974572,114.90188147553199,430.20547546716699,592.57478979583198
331.50389999999999,301.05838897447597,-20.3129469300262,112.27201590313901,431.71973005691802,600.61396890594096
332.00389999999999,300.258416416182,-24.022337956188899,107.128204572008,432.44137974511801,601.25316896097502
332.50389999999999,283.84942458988797,-17.681499637443501,103.834363832994,437.42724339752499,599.66434492614303
333.00389999999999,262.84349400944899,-16.494866880823501,100.930659011996,435.49227176540501,593.15727209654096
333.50389999999999,223.419597303058,-22.109456777880101,97.364634112818493,433.03900277386202,593.23485387820904
334.00389999999999,216.77527213285001,-21.350730126944001,95.727417728710805,435.31166938740699,610.45328348891803
334.50389999999999,218.05624751957501,-18.531262530435999,93.318278626398595,438.77653584584499,619.01180345509897
335.00389999999999,219.251658055734,-13.415727381158399,93.964375640360601,443.20632367729598,645.78500274652299
335.50389999999999,256.43206081679398,-6.6172448317761203,96.369883328945505,452.950149631393,670.69861213076899
336.00389999999999,268.42722814835901,3.2611737518580401,96.302432904803993,458.95123080655401,683.77726098937205
336.50389999999999,242.81840549077299,-1.69674121199142,95.664970523274405,467.79245936524597,707.52000022654795
337.00389999999999,231.428764503569,-7.3063805773313497,100.258167225946,481.82836003322501,737.11455755509098
337.50389999999999,235.60892028476101,-3.72074270671484,105.093749722943,503.40386161341399,778.44538760949695
338.00389999999999,226.56371510476399,-3.11944869229918,109.840961174458,533.32672788374703,818.25502911083095
338.50389999999999,225.06020518347901,-0.90853655459572402,118.07792858767699,555.59374594639405,852.08952096114103
339.00389999999999,238.147275301527,5.6172262864154101,123.686042502191,578.39682119192196,893.01764384213197
339.50389999999999,274.07340847942999,26.7983159410905,134.77942864572199,616.69298559653498,943.46173203871899
340.00389999999999,299.457235899137,27.137185584114501,150.14263298616899,638.06997585860597,981.17380912700798
340.50389999999999,318.48317714979697,20.475641219415301,164.06881590175001,672.26910454179097,1003.6518278196
341.00389999999999,321.74172655179598,20.329377672082501,187.99871883523301,696.63215269276895,1050.8129942329399
341.50389999999999,297.30642204065998,25.7306734177536,202.75644881366301,713.80459481429295,1080.75121375455
342.00389999999999,331.20691717837099,37.3742759232303,219.703771786061,735.160887695106,1081.1693303412801
342.50389999999999,425.01628186184098,24.822379171522002,225.56492368518701,758.24312723952698,1093.34646007164
343.00389999999999,489.34674670520599,14.664179248455399,240.49469066750501,803.59597706723696,1095.3868241503301
343.50389999999999,548.45399125869505,8.4414029247363196,250.855387384144,843.73602236846602,1129.0295868829801
344.00389999999999,564.73568954668997,-7.6967766200477801,256.27409334366899,873.21549665078396,1155.9933405136701
344.50389999999999,551.13562122358996,-9.32861890842522,260.038541484674,905.34467653715103,1177.47544629914
345.00389999999999,522.39197557211105,-24.6324343789667,265.36088391735802,935.81537896679697,1228.6722795204
345.50389999999999,514.32375501228296,-40.490207007337801,268.286107951247,964.26693884888698,1266.60929987587
346.00389999999999,510.03191324533498,-56.8070760723772,267.99117592489603,995.51858035153498,1306.6885185896599
346.50389999999999,518.30988957042905,-81.383223599481795,271.72405700554498,1011.11364119462,1383.56975417129
347.00389999999999,542.50638432149503,-102.572289172111,267.84705896283998,1052.2150519878601,1468.08000408102
347.50389999999999,563.36629394421198,-123.844917896871,274.83143269062299,1062.34675915859,1542.39503589536
348.00389999999999,585.46835532054195,-118.10884550806399,268.43757525006203,1091.39543750705,1581.2701875114101
348.50389999999999,620.29496081782804,-118.62900286180501,269.25822312940198,1117.9756093152801,1606.0358880502799
349.00389999999999,644.64240694897398,-129.08030370038401,270.28049521877603,1124.4019549127199,1627.2047606426499
349.50389999999999,648.88194914948099,-112.424251713598,270.48437152418501,1145.79294213807,1651.1010888124399
350.00389999999999,647.811115004469,-117.04033826145201,259.16914557944301,1159.1116821993801,1673.4006908767601
350.50389999999999,668.68280705701397,-118.88637132119,263.85411800393001,1181.40095108935,1703.9132701839301
351.00389999999999,681.12132185816802,-109.339394425479,251.704028566386,1200.1923121958,1723.5268635723401
351.50389999999999,698.35298912325504,-110.717584379276,246.49471219794199,1202.40321167804,1777.09962231187
352.00389999999999,699.26310610353096,-127.00347093607699,242.52302785813001,1209.1539504140101,1763.0652187329099
352.50389999999999,621.11903579273599,-111.612349063793,254.58240137467001,1214.75871725515,1785.9203945950101
353.00389999999999,579.87582570740199,-97.463726121367699,250.25758839626599,1242.9018051302,1788.75940323645
353.50389999999999,576.32669752574498,-90.829372771742598,248.579591727913,1261.02250121514,1820.76627866731
354.00389999999999,588.86650504014494,-89.082601241725101,252.324162970781,1268.8586192585999,1841.9475388103799
354.50389999999999,593.518123788254,-105.188062612986,253.443797743452,1298.5948723453901,1892.9676648254699
355.00389999999999,589.04393654172702,-114.820098734,250.569392466273,1314.0153015891201,1949.50627458387
355.50389999999999,583.18968877194595,-117.070256720453,234.765303733856,1349.46397146354,2010.18061677322
356.00389999999999,583.11971241730998,-135.74467015312101,236.98449059585101,1388.01032291557,2098.8490968013198
356.50389999999999,589.88345822652002,-166.209747133327,227.235026381815,1425.9385416411101,2157.1818754626602
357.00389999999999,585.69511092351797,-203.15142707527599,222.32787230452701,1456.7611066895799,2195.9249024157002
357.50389999999999,586.40736705200004,-238.53262843526599,218.46627981433801,1479.6440200226,2217.8713204808
358.00389999999999,572.85975971936796,-248.50540293833899,226.19682447970999,1483.77411892535,2207.3142480383099
358.50389999999999,575.09882854866999,-224.758305886877,228.74308467871401,1494.5290467432701,2212.8838942800098
359.00389999999999,590.21797179371401,-183.82507358762999,235.10099950758601,1515.2218227225901,2207.9415044900802
359.50389999999999,646.14077642172094,-182.45141063132701,251.43757309666,1482.78476915138,2213.0798465625999
360.00389999999999,699.75582685621703,-186.90939435681699,264.04469536127402,1463.4598602875501,2189.3271832287501
360.50389999999999,721.03530776222499,-182.54358237095599,273.41930728755898,1463.44217354238,2167.1835844370398
361.00389999999999,704.84069424461995,-168.567515954676,286.069915130244,1458.3085737105,2127.2288244192
361.50389999999999,654.82646973696797,-148.086186003536,285.14257942139,1424.4417161235899,2100.4677168909202
362.00389999999999,637.94806465023703,-113.75796392762901,316.11758161054098,1383.4830701434901,2023.42941885802
362.50389999999999,627.409235493491,-90.061143377610506,338.08329586358599,1361.7347639085201,1993.92887108327
363.00389999999999,803.59843396737494,-71.168830452694095,342.48422809167101,1324.40359124784,1939.78636170206
363.50389999999999,905.52510720620899,-26.639175427814902,362.46670007749998,1329.5094268784901,1899.4992494676701
364.00389999999999,851.18367767851601,15.1075451962208,375.87473018008001,1312.11967841757,1837.43826369672
364.50389999999999,830.04902037448403,28.113540945652002,378.53605516611299,1323.75789258328,1815.46493276772
365.00389999999999,832.06948689988405,43.315546158108802,396.89270373387097,1293.4540863633799,1782.7327131833499
365.50389999999999,813.17350627376004,47.965378620134103,411.66271937213997,1299.55876576779,1753.24975036872
366.00389999999999,776.76185977137402,51.485984046779798,422.46083573956702,1306.8114392745499,1736.8760096107801
366.50389999999999,773.95838037495696,38.6015883813876,423.43071212127097,1306.1036283389701,1770.6391328464899
367.00389999999999,800.26296197948398,46.068116940664297,418.36408448108898,1323.77036121878,1814.7446117489401
367.50389999999999,809.36932449447102,61.483521279507499,415.77971277793102,1333.5539054757801,1844.5659981875201
368.00389999999999,797.63845637096097,67.835378167675799,411.50369760563802,1348.81696591072,1883.8547547656699
368.50389999999999,808.38625640497003,64.393211106503799,416.25332584278601,1380.1694425779999,1932.4287707834801
369.00389999999999,809.74624216695202,35.153969839651701,421.73390329585499,1404.46483373562,1998.6251349947299
369.50389999999999,795.75009233133198,13.041887369561101,410.38255452426603,1433.10848385861,2032.3665000189501
370.00389999999999,810.77960120651699,3.4348312793452398,392.63267007995302,1459.0155625913401,2093.1867377180401
370.50389999999999,819.49412690439897,-44.949827205897002,387.28456996969902,1488.63184487643,2120.3675791433402
371.00389999999999,840.03603854673099,-87.741123346434193,368.51504930017501,1522.35654382445,2120.4460876769599
371.50389999999999,872.29090561628004,-96.103505365387804,366.50924248096402,1553.8540193270801,2177.4860845560302
372.00389999999999,935.35887200527497,-105.781135542123,374.49298571112399,1583.84544595023,2231.8428600688198
372.50389999999999,969.95717010173496,-105.328049437045,374.494491799569,1618.31906752757,2259.6031507933099
373.00389999999999,956.91098136445601,-85.058980952622605,379.81043600522298,1655.80100327018,2277.7521943278198
373.50389999999999,948.433286001846,-89.268538225194206,367.82761924119001,1698.5076130956199,2351.4292739530802
374.00389999999999,983.05961876600304,-91.779778681028006,355.61028718756398,1706.7291031576799,2361.21865760331
374.50389999999999,1021.98934622748,-96.893872868792897,349.71597700596999,1723.0611916441901,2367.9775207173402
375.00389999999999,1052.0157962191199,-142.507710452552,350.83171607863397,1726.6208006940999,2378.6012808134801
375.50389999999999,1150.58542188038,-163.131329814553,352.07752736968598,1757.19529009593,2385.6157677706901
376.00389999999999,1253.39964349615,-187.965397174061,341.71308449710602,1796.0420494402299,2387.8580920290601
376.50389999999999,1312.13333997312,-199.33324144602199,331.73672018867802,1823.56776003236,2398.7075907508502
377.00389999999999,1335.42948960635,-202.21378319130599,347.05550268717701,1859.7113997474601,2439.12376676652
377.50389999999999,1355.1172184433001,-189.686022235862,361.28753347685102,1893.3756200298201,2461.8743370198299
378.00389999999999,1363.34960352543,-179.874225681897,365.82442142039599,1922.4594102308499,2480.92563589888
378.50389999999999,1306.5169792227,-172.45422521219101,404.53858241752198,1938.8249458826699,2518.60104544757
379.00389999999999,1271.9530964826399,-147.91711079782499,416.913624855031,1974.4956557788801,2642.8091413373199
379.50389999999999,1265.1906452421699,-118.703216844057,438.00277537827401,2009.2237163401101,2732.3606966553498
380.00389999999999,1269.3830658454499,-105.89135683217501,458.452684770921,2038.4733758907,2763.6166312007399
380.50389999999999,1223.34564016382,-111.27092802076299,458.494376633608,2040.49799229014,2838.4644242229501
381.00389999999999,1104.41600653927,-96.876683246834503,460.10127245600501,2050.9935995732299,2879.3457515708601
381.50389999999999,1062.0081257317099,-101.758157773619,500.52902083589902,2065.4374107009498,2918.5528444305801
382.00389999999999,1053.4960250530501,-95.177627145571506,505.412003976378,2084.8512631203198,2905.06575303624
382.50389999999999,1108.3731410776099,-100.72929826262499,515.66916706146606,2086.3249797950102,2885.11815195902
383.00389999999999,1136.64813478628,-103.09842777795799,514.79998966347796,2071.8089705478401,2853.1595383170802
383.50389999999999,1190.1408620498,-102.698868144141,522.60584453706099,2080.3239016082598,2886.6580364860802
384.00389999999999,1220.28144832915,-109.61979052690999,507.50843803857902,2066.9037300974101,2884.3577246591899
384.50389999999999,1371.1567935098001,-96.980135142949095,506.88875075278901,2028.4618408659901,2843.6722374564602
385.00389999999999,1407.3993458662701,-76.658742058670597,482.79030768427799,1980.84962309051,2752.73653158052
385.50389999999999,1332.0991810021801,-79.161335287375493,493.09622612030802,1960.1568751188199,2712.2362201591
386.00389999999999,1264.55930918063,-89.232792454356598,488.68432417031602,1925.0432551931001,2643.5331676569199
386.50389999999999,1222.17457501442,-53.943831251504101,484.92512291568602,1899.47993800566,2676.4755453941302
387.00389999999999,1176.15675984365,-68.978752353811103,468.76093421730502,1891.1438429884199,2684.6967518423999
387.50389999999999,1139.5075447207801,-58.343729779929902,467.80567171001502,1886.61356568254,2650.9461246854798
388.00389999999999,1064.6012023846799,-37.276360438529601,483.54980166093998,1846.2469313732699,2667.9274155179401
388.50389999999999,979.57922305310694,-13.228812178172801,493.61497741550897,1802.46560242582,2617.0821237313999
389.00389999999999,1017.4363530488,37.762287896427701,499.77676808876998,1776.6312455792499,2647.8124395539799
389.50389999999999,1082.25147742125,71.772115114605896,528.36643464659505,1791.7651454010099,2662.6061992201198
390.00389999999999,1128.6297166582401,82.341091041918503,524.12093664404802,1785.6945678462901,2694.9034750114802
390.50389999999999,1093.36356390475,69.719554340188395,524.34858374443797,1811.9293617429,2709.1038110527902
391.00389999999999,999.999089402408,93.712155224191207,531.79490794240496,1863.9271762639501,2751.6978097763899
391.50389999999999,972.16759525587997,125.089093383503,542.25778414341801,1870.64683593736,2800.8937483190798
392.00389999999999,985.50623111924301,119.308012604628,576.26831626717501,1912.30380007349,2749.5183027036401
392.50389999999999,1010.91918762315,120.30449888430999,608.07933667055704,1975.85027995274,2737.3969809816299
393.00389999999999,1046.2139217603101,108.15840390809799,627.56398291794198,2033.7920144689599,2785.4231398326801
393.50389999999999,1077.3535039430001,107.669256193461,644.31463595061996,2090.5083940132299,2777.6712069571699
394.00389999999999,1113.4984550427801,115.935055822012,669.70665068221797,2148.9211120803502,2762.6186009020398
394.50389999999999,1191.5902790933401,133.71361179097201,720.43217689180199,2181.32307136599,2797.2796348707898
395.00389999999999,1296.8411306079799,152.961959990982,754.58241712651204,2233.9805328065399,2850.6229981255701
395.50389999999999,1669.14204721547,124.62874837397401,777.23320695426003,2304.8935606423402,2872.7938822811302
396.00389999999999,1709.9121750473601,169.972349281211,794.73945933264201,2353.6375706326498,2913.3905577235701
396.50389999999999,1759.5924225982901,163.34677563020901,831.86920519260798,2405.65996300505,2956.9268047682899
397.00389999999999,1788.11185713133,187.11426492196699,870.00569466473405,2423.0107246079501,2972.3017750034801
397.50389999999999,1785.27541822426,226.80092101270299,898.110643990168,2454.6743092390302,2960.0217524509098
398.00389999999999,1809.43469296593,224.74196922955599,926.22544198068795,2442.1064282985199,2981.9480020262199
398.50389999999999,1818.73378705399,251.36974321706799,930.08772542378097,2475.7949807150599,2987.6007142344401
399.00389999999999,1826.3153772849701,292.640720740902,948.26199195610297,2485.6775178856401,3006.7839825986498
399.50389999999999,1775.45173761813,284.64198412876198,975.43588450866503,2513.26581447939,3006.7591981065498
400.00389999999999,1730.9997207558199,315.48149886347102,973.77105910132502,2504.5947365127499,3034.8868260394001
400.50389999999999,1786.4383032774099,340.68056880323701,1017.5832892784,2507.1343983993702,3017.1264061944398
401.00389999999999,1828.2548116130599,340.63832336019101,1031.6306531038799,2527.5939591763099,3033.3702882286302
401.50389999999999,1841.35817092923,375.55181317422301,1028.9605686718801,2517.94416527363,3057.8863730379198
402.00389999999999,1845.38282319275,380.08541202108597,1015.7507024886,2507.1751480765602,3060.6418804628902
402.50389999999999,1848.3238332711901,426.22886711280103,1013.81898817607,2536.0480869866401,3116.5220935529501
403.00389999999999,1830.64887989004,398.42421992392502,1024.8470514713599,2565.1183661225,3170.79819058565
403.50389999999999,1833.6559128414699,393.78428653135899,1054.6370752181001,2590.5162210517201,3178.7992485226
404.00389999999999,1848.39008882497,455.75674343876199,1077.60577245078,2573.1354502081499,3176.0183710329202
404.50389999999999,1685.2283956778399,522.10086729095894,1129.1680528034799,2615.6213761070098,3158.95497243107
405.00389999999999,1689.10868325054,591.69496729154298,1153.55939748533,2597.86854997822,3154.7543932696199
405.50389999999999,1726.0836868116401,659.51157862645005,1204.9845976158499,2603.1639266596899,3158.9075206543798
406.00389999999999,1793.0185174557701,698.697432007825,1251.82493358845,2628.3941824815402,3206.51654506761
406.50389999999999,1985.84384687789,772.74329896110896,1269.97189316043,2652.5954759351998,3217.0945269669501
407.00389999999999,2017.42665944329,830.60871775821397,1282.3213790316699,2648.73113750323,3155.2324437061002
407.50389999999999,2021.18277927129,874.81902331601202,1333.5827131856799,2632.15083232286,3116.7752259753202
408.00389999999999,2034.5388312646801,910.34049300306299,1402.7360537515401,2606.9789718302,3062.64184779065
408.50389999999999,1957.22976528557,937.04936726092296,1423.0113443927401,2607.2386847923099,3034.9831882561898
409.00389999999999,2159.73806498473,949.53559221482703,1435.3280578890499,2635.07472625743,3026.9364413938301
409.50389999999999,2165.2710857319398,906.05806073504095,1434.3241673920099,2658.9513463846001,3111.1773701112102
410.00389999999999,2102.1132553965399,904.11672434053798,1422.09996566412,2679.17472637112,3202.5281496379898
410.50389999999999,2059.9850832212401,869.68748659492303,1405.22316794312,2679.0342225161098,3266.0183475203798
411.00389999999999,2048.2399174979901,866.12818409024203,1395.6154346595699,2683.7828921684099,3321.0181782187901
411.50389999999999,2039.9114355777599,799.97399557589495,1382.3544893237299,2680.13571654713,3373.9082179294901
412.00389999999999,2055.6773909283302,736.69470199889895,1347.43134543882,2714.4037130059601,3390.19803518971
412.50389999999999,2061.5629417139098,714.45361723655799,1290.04817668429,2741.3576622846099,3410.9781800318401
413.00389999999999,2011.8332128751099,675.10561696144305,1261.3768617010401,2753.4802663692099,3453.6403528866599
413.50389999999999,1925.5820683245399,644.38675845742398,1233.1493467262501,2739.6608318717899,3399.2250522276299
414.00389999999999,1739.5686017155101,578.55466985845101,1195.57537740561,2729.5978180046,3405.42034758923
414.50389999999999,1649.21741301375,467.79091809618399,1147.05017404504,2703.6580856713899,3377.6839602971199
415.00389999999999,1579.2105954891699,382.81878776489202,1093.8575027371501,2692.1279424979998,3367.11807494707
415.50389999999999,1528.6119144725701,341.35162549526899,1048.6475307406399,2680.3240835618399,3347.7309645989699
416.00389999999999,1547.2050688065799,266.78137694927,1007.68132243369,2655.2267185870501,3380.5385257139201
416.50389999999999,1568.4483187249,198.072463144643,941.83225519571897,2634.4749091364301,3426.7339749519201
417.00389999999999,1504.44635920361,92.749616565047901,874.31379982653903,2606.6443647485899,3458.2097612914999
417.50389999999999,1435.2640104572999,32.831901937307997,806.25454972935495,2583.5316768932598,3451.4671983635899
418.00389999999999,1387.9304683420301,-121.530060818424,708.83086067700197,2565.37088988511,3473.85113961259
418.50389999999999,1354.84333334906,-267.52548730348002,578.67340186982506,2554.5287399519102,3535.6134649934102
419.00389999999999,1414.00482434027,-452.60129688358103,471.52114434603698,2587.44776040747,3588.86252017881
419.50389999999999,1443.9146496696001,-628.60465249634001,351.71343962995201,2576.4208743477702,3636.6906870919602
